disabled_sensor,state_id,accuracy
-1.0,0.0,0.33899770654118205
-1.0,1.0,0.00018542555164101615
-1.0,2.0,0.9646727029835238
-1.0,3.0,0.9145327816914532
-1.0,4.0,0.3631944186736928
-1.0,5.0,0.004139474174902107
-1.0,6.0,0.9192763982020485
-1.0,7.0,0.7743631516587678
-1.0,8.0,0.008076467101363368
-1.0,9.0,0.681926126191955
-1.0,10.0,0.9403752914615641
-1.0,11.0,0.9800681683461766
-1.0,12.0,0.8248385049101975
-1.0,13.0,0.9938372438372438
-1.0,14.0,0.9805955168952827
-1.0,15.0,0.007905138339920948
-1.0,16.0,0.02864429331756357
-1.0,17.0,0.5900376078460291
-1.0,18.0,0.05989892984542212
-1.0,19.0,0.5318807596164609
-1.0,20.0,0.8175890883201559
-1.0,21.0,0.002142830753315846
-1.0,22.0,0.5170791345583877
-1.0,23.0,0.000782472613458529
-1.0,24.0,0.9321198190850448
-1.0,25.0,0.7033794561709389
-1.0,26.0,0.7874569619784533
-1.0,27.0,0.23982471776589423
-1.0,28.0,0.46331431112428667
0.0,0.0,0.044752135737135476
0.0,1.0,0.00033376599295382905
0.0,2.0,0.978254415912127
0.0,3.0,0.5508964180550896
0.0,4.0,0.004675845177570787
0.0,5.0,0.0
0.0,6.0,0.8844595092476605
0.0,7.0,0.5751258886255924
0.0,8.0,0.01181831653823355
0.0,9.0,0.15706404588798364
0.0,10.0,0.8975165624190384
0.0,11.0,0.6643079430942501
0.0,12.0,0.1001456256301109
0.0,13.0,0.8641223641223641
0.0,14.0,0.5287907512731869
0.0,15.0,0.0
0.0,16.0,0.012381726788882318
0.0,17.0,0.5819629820809675
0.0,18.0,0.007134363852556481
0.0,19.0,0.7968137895011752
0.0,20.0,0.051635627833776745
0.0,21.0,7.389071563158089e-05
0.0,22.0,0.07050237107291049
0.0,23.0,0.0
0.0,24.0,0.2575813746570772
0.0,25.0,0.2986237340950402
0.0,26.0,0.46854985006108624
0.0,27.0,0.06710487225193107
0.0,28.0,0.04317053286889498
1.0,0.0,0.07625193904891969
1.0,1.0,0.00897459669942518
1.0,2.0,0.7208327148582455
1.0,3.0,0.5914122777591412
1.0,4.0,0.6115337514380079
1.0,5.0,0.0002610479209397725
1.0,6.0,0.7589344926681896
1.0,7.0,0.4414988151658768
1.0,8.0,0.2173606994665086
1.0,9.0,0.2082130722297322
1.0,10.0,0.6362559680225027
1.0,11.0,0.9808091286307054
1.0,12.0,0.07972069750942833
1.0,13.0,0.06274131274131274
1.0,14.0,0.7538009739414891
1.0,15.0,0.0009973772671862879
1.0,16.0,3.696037847427558e-05
1.0,17.0,0.08657178674139075
1.0,18.0,0.032513376932223545
1.0,19.0,0.8719546319441853
1.0,20.0,0.12204444111365084
1.0,21.0,0.0005541803672368567
1.0,22.0,0.15382335506816835
1.0,23.0,0.00014904240256352933
1.0,24.0,0.0071921109216282345
1.0,25.0,0.5411952368587009
1.0,26.0,0.15926844618858985
1.0,27.0,0.0037136066547831252
1.0,28.0,0.17746238790483954
2.0,0.0,0.14623212178340544
2.0,1.0,0.010903022436491749
2.0,2.0,0.9423704913166098
2.0,3.0,0.6531738044653174
2.0,4.0,0.4629828923442313
2.0,5.0,0.0005966809621480515
2.0,6.0,0.9012231965219955
2.0,7.0,0.4218009478672986
2.0,8.0,0.2797495554238293
2.0,9.0,0.27262431040151985
2.0,10.0,0.7488434064917281
2.0,11.0,0.987885299347955
2.0,12.0,0.1487248422389007
2.0,13.0,0.11868874368874369
2.0,14.0,0.7932418869187019
2.0,15.0,0.0019578146355878983
2.0,16.0,0.0
2.0,17.0,0.12738736081409927
2.0,18.0,0.043214922711058264
2.0,19.0,0.8008431891952393
2.0,20.0,0.16760969760557576
2.0,21.0,0.0003694535781579045
2.0,22.0,0.2053200948429164
2.0,23.0,7.452120128176467e-05
2.0,24.0,0.09075405946466968
2.0,25.0,0.45643061171495347
2.0,26.0,0.22198363629632373
2.0,27.0,0.005384729649435532
2.0,28.0,0.29478247980434297
3.0,0.0,0.19734508019683666
3.0,1.0,0.00033376599295382905
3.0,2.0,0.9599599228143091
3.0,3.0,0.8083044466808305
3.0,4.0,0.08887816825620663
3.0,5.0,0.0035427932127540555
3.0,6.0,0.9397244123498637
3.0,7.0,0.6549540876777251
3.0,8.0,0.0242294013040901
3.0,9.0,0.5785320229439919
3.0,10.0,0.9088789370443021
3.0,11.0,0.9813278008298755
3.0,12.0,0.7757365296292147
3.0,13.0,0.6691787941787942
3.0,14.0,0.9672131147540983
3.0,15.0,0.012079346902589487
3.0,16.0,0.08279124778237729
3.0,17.0,0.48252341272767496
3.0,18.0,0.071269322235434
3.0,19.0,0.6088497556243704
3.0,20.0,0.4720275789710346
3.0,21.0,0.002253666826763217
3.0,22.0,0.46313722584469474
3.0,23.0,0.0006334302108949996
3.0,24.0,0.6983762141321272
3.0,25.0,0.48796231034610676
3.0,26.0,0.6873495983117989
3.0,27.0,0.21096999405822936
3.0,28.0,0.3761950641073149
4.0,0.0,0.149987753375244
4.0,1.0,0.0014092341924717227
4.0,2.0,0.9607020929196972
4.0,3.0,0.7679376793767938
4.0,4.0,0.04378966118677404
4.0,5.0,0.005183665858661197
4.0,6.0,0.8868543217154226
4.0,7.0,0.6886478080568721
4.0,8.0,0.01241108476585655
4.0,9.0,0.518212706879544
4.0,10.0,0.9270883452385359
4.0,11.0,0.9758076467101363
4.0,12.0,0.7816735745491207
4.0,13.0,0.9844446094446094
4.0,14.0,0.9630125274153377
4.0,15.0,0.008570056518045141
4.0,16.0,0.1255913660555884
4.0,17.0,0.42806577686011354
4.0,18.0,0.07108353151010702
4.0,19.0,0.55322165429243
4.0,20.0,0.7606699891332859
4.0,21.0,0.0017364318173421509
4.0,22.0,0.46302608180201543
4.0,23.0,0.000223563603845294
4.0,24.0,0.7807147623637577
4.0,25.0,0.4469711021256074
4.0,26.0,0.6986783162415312
4.0,27.0,0.20825906120023768
4.0,28.0,0.3133476617505373
5.0,0.0,0.2307041438124856
5.0,1.0,0.013721490821435194
5.0,2.0,0.9727994656375242
5.0,3.0,0.8112117484811212
5.0,4.0,0.2779901287712918
5.0,5.0,0.003468208092485549
5.0,6.0,0.8944808783435266
5.0,7.0,0.8347526658767772
5.0,8.0,0.021932424422050976
5.0,9.0,0.5494136129480107
5.0,10.0,0.8548058773455717
5.0,11.0,0.9876259632483699
5.0,12.0,0.6322766140174004
5.0,13.0,0.9586427086427086
5.0,14.0,0.9610423404334412
5.0,15.0,0.01617967566768867
5.0,16.0,0.051190124186871674
5.0,17.0,0.47824644200280214
5.0,18.0,0.08234244946492271
5.0,19.0,0.5575122187814797
5.0,20.0,0.8200247311425038
5.0,21.0,0.003509808992500092
5.0,22.0,0.4892560758743331
5.0,23.0,0.00014904240256352933
5.0,24.0,0.5951286423963817
5.0,25.0,0.542456504803947
5.0,26.0,0.6659879308429899
5.0,27.0,0.18051841948900774
5.0,28.0,0.3467353442525754
6.0,0.0,0.21535504078497153
6.0,1.0,0.0
6.0,2.0,0.9597372717826926
6.0,3.0,0.8677923142867793
6.0,4.0,0.3574052770252718
6.0,5.0,0.0028715271303374978
6.0,6.0,0.9349347874143394
6.0,7.0,0.7291172985781991
6.0,8.0,0.017005038529934794
6.0,9.0,0.6254795221219539
6.0,10.0,0.9441504126725637
6.0,11.0,0.9817723770005927
6.0,12.0,0.8066166311937568
6.0,13.0,0.9927234927234927
6.0,14.0,0.9759860228244304
6.0,15.0,0.005762624210409664
6.0,16.0,0.03145328208160852
6.0,17.0,0.5996239215397094
6.0,18.0,0.05818965517241379
6.0,19.0,0.5363951796440697
6.0,20.0,0.8200247311425038
6.0,21.0,0.0012930875235526657
6.0,22.0,0.503815945465323
6.0,23.0,0.0006334302108949996
6.0,24.0,0.9059093942314822
6.0,25.0,0.7124309084838817
6.0,26.0,0.7357372922142831
6.0,27.0,0.24272133095662507
6.0,28.0,0.40817460905654784
7.0,0.0,0.3840170413639029
7.0,1.0,0.00849249026515854
7.0,2.0,0.9850823808816981
7.0,3.0,0.9086063587908606
7.0,4.0,0.5207258692989943
7.0,5.0,0.0035427932127540555
7.0,6.0,0.9630462014589934
7.0,7.0,0.86666913507109
7.0,8.0,0.02004297569650267
7.0,9.0,0.6509809652551971
7.0,10.0,0.8764573078204226
7.0,11.0,0.9871072910491998
7.0,12.0,0.7097195773122736
7.0,13.0,0.9723047223047223
7.0,14.0,0.9765064495743653
7.0,15.0,0.01381552214546932
7.0,16.0,0.011346836191602603
7.0,17.0,0.6330654081557407
7.0,18.0,0.08810196195005945
7.0,19.0,0.5227026825355371
7.0,20.0,0.8160152883426387
7.0,21.0,0.0036206450659474637
7.0,22.0,0.5137077652637818
7.0,23.0,0.0007079514121767642
7.0,24.0,0.8115963520427077
7.0,25.0,0.685832993285603
7.0,26.0,0.7151160638258487
7.0,27.0,0.16830065359477125
7.0,28.0,0.4630178611131698
8.0,0.0,0.06287714037600849
8.0,1.0,0.0009642128685332839
8.0,2.0,0.9608134184355054
8.0,3.0,0.8113235677811323
8.0,4.0,0.06895016142798828
8.0,5.0,0.003953011374230841
8.0,6.0,0.8933387370127478
8.0,7.0,0.7638847748815166
8.0,8.0,0.3583654416123296
8.0,9.0,0.5593876730846516
8.0,10.0,0.9094711129205374
8.0,11.0,0.9790308239478364
8.0,12.0,0.7903364325454614
8.0,13.0,0.20957083457083456
8.0,14.0,0.7777777777777778
8.0,15.0,0.0022163939270806398
8.0,16.0,0.39640005913660553
8.0,17.0,0.36778261190177713
8.0,18.0,0.10943073721759809
8.0,19.0,0.5362832518747901
8.0,20.0,0.4047663656461948
8.0,21.0,0.000332508220342114
8.0,22.0,0.4466508595139301
8.0,23.0,0.000223563603845294
8.0,24.0,0.47445688440720696
8.0,25.0,0.13606855362243572
8.0,26.0,0.7860871496797601
8.0,27.0,0.0630941770647653
8.0,28.0,0.28585192321944713
9.0,0.0,0.015876079001862973
9.0,1.0,0.0
9.0,2.0,0.9861214190292416
9.0,3.0,0.5799694360579969
9.0,4.0,0.14320703603369578
9.0,5.0,0.0004102181614767854
9.0,6.0,0.8764276766634735
9.0,7.0,0.5900844194312796
9.0,8.0,0.03656639004149378
9.0,9.0,0.3009024149647437
9.0,10.0,0.9409304563455346
9.0,11.0,0.9834395376407824
9.0,12.0,0.5737649826369441
9.0,13.0,0.9553014553014553
9.0,14.0,0.8840935281216311
9.0,15.0,0.00022163939270806397
9.0,16.0,0.00861176818450621
9.0,17.0,0.6054494506304845
9.0,18.0,0.06673602853745542
9.0,19.0,0.6317576390702533
9.0,20.0,0.7015026042642485
9.0,21.0,0.00011083607344737133
9.0,22.0,0.22050978067575577
9.0,23.0,0.0
9.0,24.0,0.6023578260547193
9.0,25.0,0.7406981489038098
9.0,26.0,0.41594165340046646
9.0,27.0,0.19147355912061795
9.0,28.0,0.21885422070703328
10.0,0.0,0.02709101839962592
10.0,1.0,0.17619135916929352
10.0,2.0,0.9903888971352234
10.0,3.0,0.3977412501397741
10.0,4.0,0.05147140683564033
10.0,5.0,0.0
10.0,6.0,0.2416549996315673
10.0,7.0,0.7551095971563981
10.0,8.0,0.17364404267931238
10.0,9.0,0.11614482481458478
10.0,10.0,0.9675413597838558
10.0,11.0,0.8048681090693539
10.0,12.0,0.11235577461633248
10.0,13.0,0.44861894861894863
10.0,14.0,0.34994981599197056
10.0,15.0,0.0
10.0,16.0,0.005359254878769959
10.0,17.0,0.3951773468033331
10.0,18.0,0.0758769322235434
10.0,19.0,0.14494646121702795
10.0,20.0,0.22531569678120433
10.0,21.0,3.6945357815790445e-05
10.0,22.0,0.22336247777119148
10.0,23.0,0.0
10.0,24.0,0.059798324312300734
10.0,25.0,0.47520124642949885
10.0,26.0,0.15619562400503498
10.0,27.0,0.14609328579916817
10.0,28.0,0.027606907285259025
11.0,0.0,0.297444537634249
11.0,1.0,0.0030409790469126644
11.0,2.0,0.9867893721240908
11.0,3.0,0.8321219575832122
11.0,4.0,0.24217909229227744
11.0,5.0,0.00324445273168003
11.0,6.0,0.9533932650504753
11.0,7.0,0.732190462085308
11.0,8.0,0.01815352697095436
11.0,9.0,0.5676811223557781
11.0,10.0,0.8515859210185425
11.0,11.0,0.9862181387077653
11.0,12.0,0.6498637093461782
11.0,13.0,0.9730843480843481
11.0,14.0,0.9633099141295862
11.0,15.0,0.017915850910568507
11.0,16.0,0.03888231815493791
11.0,17.0,0.5422166506894772
11.0,18.0,0.08550089179548157
11.0,19.0,0.5546394060366376
11.0,20.0,0.7621688462547308
11.0,21.0,0.003509808992500092
11.0,22.0,0.44390930646117366
11.0,23.0,0.0010805574185855876
11.0,24.0,0.5187588047749685
11.0,25.0,0.5222762176800089
11.0,26.0,0.6471807782014735
11.0,27.0,0.13606654783125371
11.0,28.0,0.3710813014155488
12.0,0.0,0.21330651446215051
12.0,1.0,3.7085110328203226e-05
12.0,2.0,0.9577334124981446
12.0,3.0,0.8784151477878415
12.0,4.0,0.320740713251939
12.0,5.0,0.0024986015289949655
12.0,6.0,0.9436297988357527
12.0,7.0,0.7437796208530806
12.0,8.0,0.021784232365145227
12.0,9.0,0.6210953198640897
12.0,10.0,0.9390428957400347
12.0,11.0,0.9835136336692353
12.0,12.0,0.7223778051603749
12.0,13.0,0.9923893673893673
12.0,14.0,0.9705587152893944
12.0,15.0,0.005725684311624986
12.0,16.0,0.03969544648137197
12.0,17.0,0.611422461470393
12.0,18.0,0.054325208085612364
12.0,19.0,0.5358355407976719
12.0,20.0,0.7984786600217334
12.0,21.0,0.0012930875235526657
12.0,22.0,0.4693242442205098
12.0,23.0,0.0006706908115358819
12.0,24.0,0.8943056276414325
12.0,25.0,0.7013391697889231
12.0,26.0,0.734219392099515
12.0,27.0,0.21200980392156862
12.0,28.0,0.4296301786111317
13.0,0.0,0.14479592669838418
13.0,1.0,0.00018542555164101615
13.0,2.0,0.9501632774231854
13.0,3.0,0.772559543777256
13.0,4.0,0.04319590306898727
13.0,5.0,0.0026850643296662314
13.0,6.0,0.9245449856311252
13.0,7.0,0.6355524289099526
13.0,8.0,0.012299940723177237
13.0,9.0,0.5146688100544372
13.0,10.0,0.912394981309449
13.0,11.0,0.9744739181979846
13.0,12.0,0.7534819461558567
13.0,13.0,0.9958791208791209
13.0,14.0,0.9525668190773577
13.0,15.0,0.005984263603117728
13.0,16.0,0.14773063276167947
13.0,17.0,0.4293193717277487
13.0,18.0,0.07201248513674198
13.0,19.0,0.6717531619594821
13.0,20.0,0.793157717240604
13.0,21.0,0.0014408689548158274
13.0,22.0,0.41193687018375813
13.0,23.0,0.00014904240256352933
13.0,24.0,0.6243048861866983
13.0,25.0,0.337018214192974
13.0,26.0,0.6616563622227981
13.0,27.0,0.21706030897207368
13.0,28.0,0.29926628622248574
14.0,0.0,0.2876027046485219
14.0,1.0,0.00011125533098460968
14.0,2.0,0.9752115184800356
14.0,3.0,0.8845652092884565
14.0,4.0,0.18614316992615135
14.0,5.0,0.003617378333022562
14.0,6.0,0.9537985410065581
14.0,7.0,0.7410026658767772
14.0,8.0,0.021524896265560166
14.0,9.0,0.6574476635855467
14.0,10.0,0.9360079943743291
14.0,11.0,0.9819576170717249
14.0,12.0,0.7901123931145215
14.0,13.0,0.9857811107811107
14.0,14.0,0.9772127430207056
14.0,15.0,0.01038011155849433
14.0,16.0,0.046126552335895916
14.0,17.0,0.5784971609763292
14.0,18.0,0.06484096313912009
14.0,19.0,0.5377756221318509
14.0,20.0,0.8233971596657549
14.0,21.0,0.002253666826763217
14.0,22.0,0.502037640782454
14.0,23.0,0.0008197332140994113
14.0,24.0,0.8746200044487284
14.0,25.0,0.622695403791223
14.0,26.0,0.7587649476139351
14.0,27.0,0.22322489601901366
14.0,28.0,0.44156229155858595
15.0,0.0,0.10616339224083544
15.0,1.0,0.001631744854440942
15.0,2.0,0.9358765028944634
15.0,3.0,0.7520220656752022
15.0,4.0,0.22945040264222363
15.0,5.0,0.001193361924296103
15.0,6.0,0.9215606808636062
15.0,7.0,0.7221193720379147
15.0,8.0,0.22614107883817428
15.0,9.0,0.45464177414051365
15.0,10.0,0.9347126096450645
15.0,11.0,0.9824021932424422
15.0,12.0,0.6642022329263284
15.0,13.0,0.7925452925452925
15.0,14.0,0.9545370060592543
15.0,15.0,0.0016253555465258025
15.0,16.0,0.03969544648137197
15.0,17.0,0.6489934370621635
15.0,18.0,0.057520808561236626
15.0,19.0,0.5710554788643062
15.0,20.0,0.8155281597781692
15.0,21.0,0.0007019617985000185
15.0,22.0,0.4173829282750445
15.0,23.0,0.00037260600640882333
15.0,24.0,0.7977682212500927
15.0,25.0,0.679563749675409
15.0,26.0,0.6645440746362593
15.0,27.0,0.23284313725490197
15.0,28.0,0.2675461350329801
16.0,0.0,0.08236782923009553
16.0,1.0,0.009456703133691824
16.0,2.0,0.9014769185097224
16.0,3.0,0.3207350255320735
16.0,4.0,0.09281181578654396
16.0,5.0,0.00029834048107402574
16.0,6.0,0.7109645567754771
16.0,7.0,0.1487707345971564
16.0,8.0,0.14989626556016597
16.0,9.0,0.06050199115852545
16.0,10.0,0.8384100077723083
16.0,11.0,0.947577059869591
16.0,12.0,0.08084089466412755
16.0,13.0,0.0009281259281259281
16.0,14.0,0.45284561912196575
16.0,15.0,0.0
16.0,16.0,0.0
16.0,17.0,0.013089005235602094
16.0,18.0,0.03641498216409037
16.0,19.0,0.8169234787150692
16.0,20.0,0.23419642522576536
16.0,21.0,3.6945357815790445e-05
16.0,22.0,0.07950503852993479
16.0,23.0,0.0
16.0,24.0,0.0014829094683769556
16.0,25.0,0.5017249693957043
16.0,26.0,0.058790862981748175
16.0,27.0,0.0011140819964349377
16.0,28.0,0.18465130067442379
17.0,0.0,0.0641389138357171
17.0,1.0,0.0033376599295382903
17.0,2.0,0.8638117856612736
17.0,3.0,0.392970293339297
17.0,4.0,0.03310201506661224
17.0,5.0,0.0008950214432220772
17.0,6.0,0.8550217375285535
17.0,7.0,0.7286729857819905
17.0,8.0,0.019931831653823354
17.0,9.0,0.1925395491578678
17.0,10.0,0.8587290425256301
17.0,11.0,0.9307943094250148
17.0,12.0,0.7234233225047608
17.0,13.0,0.9763884763884764
17.0,14.0,0.7966990074718412
17.0,15.0,0.003250711093051605
17.0,16.0,0.02949438202247191
17.0,17.0,0.6842047046677974
17.0,18.0,0.05967598097502973
17.0,19.0,0.2609409394470768
17.0,20.0,0.7796680031476
17.0,21.0,0.0004063989359736949
17.0,22.0,0.5080394190871369
17.0,23.0,0.0
17.0,24.0,0.5888262771557796
17.0,25.0,0.5942055866750752
17.0,26.0,0.5580689348783828
17.0,27.0,0.3124257278669043
17.0,28.0,0.157303787148892
18.0,0.0,0.17947614134831627
18.0,1.0,0.0071203411830150195
18.0,2.0,0.8977660679827817
18.0,3.0,0.7128480375712848
18.0,4.0,0.13088655508962035
18.0,5.0,0.0038038411336938282
18.0,6.0,0.8427160857711297
18.0,7.0,0.615002962085308
18.0,8.0,0.16193687018375816
18.0,9.0,0.38949983559241536
18.0,10.0,0.8363744031977497
18.0,11.0,0.9513559573206876
18.0,12.0,0.6512079459318173
18.0,13.0,0.03311553311553311
18.0,14.0,0.9104494256719081
18.0,15.0,0.003583170182113701
18.0,16.0,0.043835008870490834
18.0,17.0,0.533699579677015
18.0,18.0,0.08813912009512485
18.0,19.0,0.5871357683841361
18.0,20.0,0.15561884063401657
18.0,21.0,0.002549229689289541
18.0,22.0,0.31472288085358624
18.0,23.0,7.452120128176467e-05
18.0,24.0,0.16645658782531325
18.0,25.0,0.23292651259413139
18.0,26.0,0.49172559327681314
18.0,27.0,0.14962121212121213
18.0,28.0,0.20169717631364412
19.0,0.0,0.050615671226369584
19.0,1.0,0.0045985536806972
19.0,2.0,0.21712186433130473
19.0,3.0,0.23269596332326958
19.0,4.0,0.06126841577912198
19.0,5.0,0.0
19.0,6.0,0.007000221059612409
19.0,7.0,0.031472156398104266
19.0,8.0,0.013670717249555424
19.0,9.0,0.09411420846881736
19.0,10.0,0.5023872090010734
19.0,11.0,0.9235328986366331
19.0,12.0,0.08857025503155222
19.0,13.0,0.003564003564003564
19.0,14.0,0.3796513140775436
19.0,15.0,3.693989878467733e-05
19.0,16.0,0.0
19.0,17.0,0.01157731730698326
19.0,18.0,0.012559453032104637
19.0,19.0,0.9407529007946872
19.0,20.0,0.0001873571401806123
19.0,21.0,7.389071563158089e-05
19.0,22.0,0.03256520450503853
19.0,23.0,0.0
19.0,24.0,7.414547341884777e-05
19.0,25.0,0.22446859813777498
19.0,26.0,0.0276183776979749
19.0,27.0,0.0009655377302436126
19.0,28.0,0.09138071592677685
20.0,0.0,0.00022266590465445962
20.0,1.0,0.00033376599295382905
20.0,2.0,0.7633590618969868
20.0,3.0,0.03883857020388386
20.0,4.0,0.6696107173340261
20.0,5.0,0.0023494312884579528
20.0,6.0,0.9204922260702969
20.0,7.0,0.5766069312796208
20.0,8.0,0.0029267931238885596
20.0,9.0,0.10094625698732235
20.0,10.0,0.8304156334431326
20.0,11.0,0.9646932424422051
20.0,12.0,0.839550427541914
20.0,13.0,0.9871176121176121
20.0,14.0,0.9471766848816029
20.0,15.0,0.0
20.0,16.0,3.696037847427558e-05
20.0,17.0,0.3165695745151538
20.0,18.0,0.1961206896551724
20.0,19.0,0.32690370480916314
20.0,20.0,0.6569490763292989
20.0,21.0,7.389071563158089e-05
20.0,22.0,0.7186944279786603
20.0,23.0,0.0
20.0,24.0,0.9195150886038407
20.0,25.0,0.4107652928738361
20.0,26.0,0.7170782273888416
20.0,27.0,0.12518568033273916
20.0,28.0,0.00978285036685689
21.0,0.0,0.026593731212564295
21.0,1.0,0.0
21.0,2.0,0.7777942704467864
21.0,3.0,0.439859853143986
21.0,4.0,0.13871674026793335
21.0,5.0,0.008167070669401455
21.0,6.0,0.8598482057328126
21.0,7.0,0.9022141587677726
21.0,8.0,0.005594250148192057
21.0,9.0,0.2341164005699463
21.0,10.0,0.9167992893889485
21.0,11.0,0.9362403675163011
21.0,12.0,0.650610507449311
21.0,13.0,0.9619468369468369
21.0,14.0,0.9123080926359615
21.0,15.0,0.0014037161538177384
21.0,16.0,0.09861028976936724
21.0,17.0,0.7877000221222624
21.0,18.0,0.010998810939357907
21.0,19.0,0.5400887960302951
21.0,20.0,0.5465207779068461
21.0,21.0,0.0012561421657368752
21.0,22.0,0.3346547125074096
21.0,23.0,0.0
21.0,24.0,0.8544895084155112
21.0,25.0,0.5874911896724413
21.0,26.0,0.6321128429158491
21.0,27.0,0.06918449197860962
21.0,28.0,0.12324909212184096
22.0,0.0,0.04719774958992363
22.0,1.0,3.7085110328203226e-05
22.0,2.0,0.7872940477957547
22.0,3.0,0.5734466435573446
22.0,4.0,0.06100864660259027
22.0,5.0,0.004512399776244639
22.0,6.0,0.8609166605261219
22.0,7.0,0.8675207345971564
22.0,8.0,0.008446947243627741
22.0,9.0,0.30378868145117094
22.0,10.0,0.9072504533846553
22.0,11.0,0.9593953764078246
22.0,12.0,0.8025839214368395
22.0,13.0,0.9721933471933472
22.0,14.0,0.8762127801940448
22.0,15.0,0.0020316944331572532
22.0,16.0,0.06527202838557067
22.0,17.0,0.5352112676056338
22.0,18.0,0.07008026159334126
22.0,19.0,0.41611013692497106
22.0,20.0,0.5357290066324427
22.0,21.0,0.000332508220342114
22.0,22.0,0.4173088322465916
22.0,23.0,0.0
22.0,24.0,0.5689923630162379
22.0,25.0,0.3685499128241273
22.0,26.0,0.671800377623931
22.0,27.0,0.372140522875817
22.0,28.0,0.1882457570592159
23.0,0.0,0.29488759082913363
23.0,1.0,7.417022065640645e-05
23.0,2.0,0.9749517589431498
23.0,3.0,0.9068545230906855
23.0,4.0,0.36111626526143914
23.0,5.0,0.003617378333022562
23.0,6.0,0.9294819836415886
23.0,7.0,0.797134182464455
23.0,8.0,0.013893005334914048
23.0,9.0,0.6674582587410033
23.0,10.0,0.9360820163588586
23.0,11.0,0.9815130409010077
23.0,12.0,0.8014263843769837
23.0,13.0,0.9918696168696168
23.0,14.0,0.9782907698598565
23.0,15.0,0.009050275202245946
23.0,16.0,0.02480041395623891
23.0,17.0,0.6346139665216429
23.0,18.0,0.06673602853745542
23.0,19.0,0.5365071074133493
23.0,20.0,0.8276314310338367
23.0,21.0,0.002216721468947427
23.0,22.0,0.5059647302904564
23.0,23.0,0.0005961696102541173
23.0,24.0,0.9149551419885816
23.0,25.0,0.7109470638424157
23.0,26.0,0.7552478619821554
23.0,27.0,0.23837641117052882
23.0,28.0,0.46294374861039056
24.0,0.0,0.03889602244472319
24.0,1.0,0.007194511403671426
24.0,2.0,0.7787219830785216
24.0,3.0,0.4712438033471244
24.0,4.0,0.009500129884588265
24.0,5.0,0.0009696065634905836
24.0,6.0,0.8752118487952251
24.0,7.0,0.4442757701421801
24.0,8.0,0.014374629519857735
24.0,9.0,0.2587775382704322
24.0,10.0,0.9359709833820645
24.0,11.0,0.9481327800829875
24.0,12.0,0.8005302266532243
24.0,13.0,0.9707825957825957
24.0,14.0,0.7582989479944984
24.0,15.0,0.0008865575708322559
24.0,16.0,0.08127587226493199
24.0,17.0,0.4703561684241575
24.0,18.0,0.0335538049940547
24.0,19.0,0.5549378800880499
24.0,20.0,0.4475587364634466
24.0,21.0,0.0002586175047105331
24.0,22.0,0.19150118553645526
24.0,23.0,0.0
24.0,24.0,0.41184103210499
24.0,25.0,0.2858626701784323
24.0,26.0,0.5494798415460368
24.0,27.0,0.27124183006535946
24.0,28.0,0.15474690580300896
25.0,0.0,0.10970006902643044
25.0,1.0,0.0195438531429631
25.0,2.0,0.9736900697639899
25.0,3.0,0.691490551269149
25.0,4.0,0.5617693991910045
25.0,5.0,0.0007831437628193175
25.0,6.0,0.9227396654631199
25.0,7.0,0.3070571682464455
25.0,8.0,0.36281120331950206
25.0,9.0,0.3082824887654817
25.0,10.0,0.6757466967689404
25.0,11.0,0.9897006520450504
25.0,12.0,0.2426347037078526
25.0,13.0,0.2047817047817048
25.0,14.0,0.8823835545147021
25.0,15.0,0.004580547449299989
25.0,16.0,0.0001848018923713779
25.0,17.0,0.23114077132954797
25.0,18.0,0.08851070154577884
25.0,19.0,0.7664067455135619
25.0,20.0,0.19357739723460862
25.0,21.0,0.0008866885875789707
25.0,22.0,0.1812759336099585
25.0,23.0,0.0005961696102541173
25.0,24.0,0.04322681100318825
25.0,25.0,0.5713172830804615
25.0,26.0,0.439450594202362
25.0,27.0,0.05277035056446821
25.0,28.0,0.19906618246498184
26.0,0.0,0.10213685046500064
26.0,1.0,0.004005191915445948
26.0,2.0,0.9706100638266291
26.0,3.0,0.7222781318722278
26.0,4.0,0.05837384495491149
26.0,5.0,0.0016781652060413948
26.0,6.0,0.9338663326210301
26.0,7.0,0.5709789691943128
26.0,8.0,0.11029193835210432
26.0,9.0,0.44598297468123194
26.0,10.0,0.9267182353158888
26.0,11.0,0.981883521043272
26.0,12.0,0.6751801650423808
26.0,13.0,0.9725645975645976
26.0,14.0,0.9140180662428906
26.0,15.0,0.005873443906763695
26.0,16.0,0.03448403311649911
26.0,17.0,0.4926259125433228
26.0,18.0,0.07071195005945304
26.0,19.0,0.5775099802260941
26.0,20.0,0.6128826769588189
26.0,21.0,0.0007758525141315993
26.0,22.0,0.3028304682868998
26.0,23.0,0.00037260600640882333
26.0,24.0,0.7495365907911322
26.0,25.0,0.55117409207256
26.0,26.0,0.6084558142978786
26.0,27.0,0.21568627450980393
26.0,28.0,0.33350626250648485
27.0,0.0,0.19458402297912136
27.0,1.0,0.00011125533098460968
27.0,2.0,0.12572361585275346
27.0,3.0,0.8422975138842298
27.0,4.0,0.3171410546628567
27.0,5.0,0.003654670893156815
27.0,6.0,0.954940682337337
27.0,7.0,0.8148696682464455
27.0,8.0,0.026674570243034972
27.0,9.0,0.6486427240510029
27.0,10.0,0.9281246530219475
27.0,11.0,0.9827356253704801
27.0,12.0,0.7409357380232254
27.0,13.0,0.9848901098901099
27.0,14.0,0.9729006356641017
27.0,15.0,0.015145358501717705
27.0,16.0,0.038845357776463633
27.0,17.0,0.5746257650615736
27.0,18.0,0.06216557669441142
27.0,19.0,0.552288922881767
27.0,20.0,0.8067223741896804
27.0,21.0,0.0022906121845790075
27.0,22.0,0.5040382335506817
27.0,23.0,0.00029808480512705867
27.0,24.0,0.8833320975754431
27.0,25.0,0.6475127054197426
27.0,26.0,0.7676872385324497
27.0,27.0,0.21550059417706477
27.0,28.0,0.4018379900689246
28.0,0.0,0.10626730299634085
28.0,1.0,7.417022065640645e-05
28.0,2.0,0.9497550838652219
28.0,3.0,0.6919751015691975
28.0,4.0,0.023713214829108993
28.0,5.0,0.004363229535707626
28.0,6.0,0.8634588460688232
28.0,7.0,0.7178613744075829
28.0,8.0,0.010743924125666864
28.0,9.0,0.46987687698659164
28.0,10.0,0.9273474221843888
28.0,11.0,0.9726215174866627
28.0,12.0,0.8107240207609873
28.0,13.0,0.9778734778734779
28.0,14.0,0.9325303892048623
28.0,15.0,0.004986886335931439
28.0,16.0,0.07610141927853341
28.0,17.0,0.47061426148514124
28.0,18.0,0.06305737217598098
28.0,19.0,0.5448643808528896
28.0,20.0,0.6829167759583318
28.0,21.0,0.0008866885875789707
28.0,22.0,0.41645672791938354
28.0,23.0,3.726060064088233e-05
28.0,24.0,0.7876102913917106
28.0,25.0,0.4080943725191972
28.0,26.0,0.7107104512976194
28.0,27.0,0.22092245989304812
28.0,28.0,0.27421626028310975
29.0,0.0,0.10448226466069427
29.0,1.0,0.0021880215093639903
29.0,2.0,0.9622235416357429
29.0,3.0,0.7783368742778337
29.0,4.0,0.05065498942368353
29.0,5.0,0.00208838336751818
29.0,6.0,0.9151131088350158
29.0,7.0,0.6433649289099526
29.0,8.0,0.022821576763485476
29.0,9.0,0.5319498739541851
29.0,10.0,0.9216107183833598
29.0,11.0,0.9842175459395376
29.0,12.0,0.7524737687166274
29.0,13.0,0.9654737154737155
29.0,14.0,0.9491840452027805
29.0,15.0,0.006058143400687082
29.0,16.0,0.06375665286812537
29.0,17.0,0.5258461765356537
29.0,18.0,0.06833382877526754
29.0,19.0,0.5617281647576764
29.0,20.0,0.8199497882864316
29.0,21.0,0.0008497432297631803
29.0,22.0,0.4155305275637226
29.0,23.0,0.00029808480512705867
29.0,24.0,0.7668495588344332
29.0,25.0,0.5308083243684386
29.0,26.0,0.7316648772722224
29.0,27.0,0.21000445632798573
29.0,28.0,0.36259541984732824
30.0,0.0,0.10867209476660902
30.0,1.0,0.0
30.0,2.0,0.963151254267478
30.0,3.0,0.7465056468746506
30.0,4.0,0.054737076483467546
30.0,5.0,0.0022002610479209396
30.0,6.0,0.9799204185395328
30.0,7.0,0.6234078791469194
30.0,8.0,0.0134484291641968
30.0,9.0,0.513901574659311
30.0,10.0,0.918353751064066
30.0,11.0,0.9794383521043272
30.0,12.0,0.7573652962921474
30.0,13.0,0.990978615978616
30.0,14.0,0.9384409501505521
30.0,15.0,0.008643936315614496
30.0,16.0,0.054331756357185096
30.0,17.0,0.48786962613376594
30.0,18.0,0.06402348394768133
30.0,19.0,0.5656829459388875
30.0,20.0,0.6728369618166148
30.0,21.0,0.0008866885875789707
30.0,22.0,0.376185536455246
30.0,23.0,0.00033534540576794097
30.0,24.0,0.7862015273967524
30.0,25.0,0.5206068924583596
30.0,26.0,0.6923845840583466
30.0,27.0,0.24376114081996436
30.0,28.0,0.3348402875565108
31.0,0.0,0.10611885905990455
31.0,1.0,0.0034118301501946968
31.0,2.0,0.9672702983523823
31.0,3.0,0.6460173692646017
31.0,4.0,0.1076928786135748
31.0,5.0,0.0010068991236248368
31.0,6.0,0.9298872595976715
31.0,7.0,0.533175355450237
31.0,8.0,0.3424718435091879
31.0,9.0,0.3116071754776954
31.0,10.0,0.8302305784818091
31.0,11.0,0.9870702430349734
31.0,12.0,0.54590941339009
31.0,13.0,0.6333160083160083
31.0,14.0,0.8359168804133675
31.0,15.0,0.005836504007979018
31.0,16.0,0.008242164399763453
31.0,17.0,0.41847946316643314
31.0,18.0,0.10564060642092747
31.0,19.0,0.596537701003619
31.0,20.0,0.3980589800277289
31.0,21.0,0.0010344700188421325
31.0,22.0,0.17990515708358032
31.0,23.0,0.00029808480512705867
31.0,24.0,0.266664195150886
31.0,25.0,0.501539488815521
31.0,26.0,0.47125245270445376
31.0,27.0,0.14861853832442068
31.0,28.0,0.2665826724968502
32.0,0.0,0.11688104445153677
32.0,1.0,0.005303170776933062
32.0,2.0,0.6524046311414576
32.0,3.0,0.4637891833463789
32.0,4.0,0.30225999183582586
32.0,5.0,0.0002237553608055193
32.0,6.0,0.04505931766266303
32.0,7.0,0.07168246445497631
32.0,8.0,0.20676496739774747
32.0,9.0,0.12104051733586643
32.0,10.0,0.6287057256005033
32.0,11.0,0.9588026081802016
32.0,12.0,0.03300847615847056
32.0,13.0,0.027212652212652212
32.0,14.0,0.5410207798966581
32.0,15.0,3.693989878467733e-05
32.0,16.0,0.0
32.0,17.0,0.01670230808937394
32.0,18.0,0.010738703923900118
32.0,19.0,0.928030444353244
32.0,20.0,0.03544797092217184
32.0,21.0,0.00029556286252632356
32.0,22.0,0.08995257854179016
32.0,23.0,0.0
32.0,24.0,0.0035960554608141172
32.0,25.0,0.3490373557888489
32.0,26.0,0.03169079264003554
32.0,27.0,0.000445632798573975
32.0,28.0,0.11746831690506189
33.0,0.0,0.10656790196762438
33.0,1.0,0.0013721490821435194
33.0,2.0,0.8246994211073178
33.0,3.0,0.7415110514741511
33.0,4.0,0.2649645600623446
33.0,5.0,0.0023494312884579528
33.0,6.0,0.9400928450372117
33.0,7.0,0.7246001184834123
33.0,8.0,0.048977474807350325
33.0,9.0,0.5802126338095064
33.0,10.0,0.9150597727525075
33.0,11.0,0.9733624777711914
33.0,12.0,0.696165191740413
33.0,13.0,0.9524057024057024
33.0,14.0,0.9598156202371659
33.0,15.0,0.014628199918732222
33.0,16.0,0.05436871673565937
33.0,17.0,0.5926922793304329
33.0,18.0,0.06524970273483947
33.0,19.0,0.5514681192403835
33.0,20.0,0.8496646307190767
33.0,21.0,0.002253666826763217
33.0,22.0,0.47643746295198575
33.0,23.0,0.00037260600640882333
33.0,24.0,0.667568769926596
33.0,25.0,0.5949104128797715
33.0,26.0,0.7601717818666469
33.0,27.0,0.19481580510992275
33.0,28.0,0.3365448751204328
34.0,0.0,0.08023765874223453
34.0,1.0,0.0006304468755794549
34.0,2.0,0.916914056701796
34.0,3.0,0.682060456968206
34.0,4.0,0.15897873603740675
34.0,5.0,0.0017900428864441543
34.0,6.0,0.8982757350232112
34.0,7.0,0.8349007701421801
34.0,8.0,0.014078245406046236
34.0,9.0,0.4030908625917942
34.0,10.0,0.8886709352677745
34.0,11.0,0.9793272080616479
34.0,12.0,0.66184981890146
34.0,13.0,0.9620582120582121
34.0,14.0,0.8936470763168656
34.0,15.0,0.003952569169960474
34.0,16.0,0.03466883500887049
34.0,17.0,0.4664110316348352
34.0,18.0,0.075839774078478
34.0,19.0,0.44390553296272806
34.0,20.0,0.7996777457188894
34.0,21.0,0.0004802896516052758
34.0,22.0,0.3703319502074689
34.0,23.0,0.0
34.0,24.0,0.6267146140728108
34.0,25.0,0.5813332344103572
34.0,26.0,0.6420347265928695
34.0,27.0,0.3351901366607249
34.0,28.0,0.2755873415845253
35.0,0.0,0.05700247159154166
35.0,1.0,0.0030780641572408676
35.0,2.0,0.9022190886151106
35.0,3.0,0.6084088113608409
35.0,4.0,0.10802686755482985
35.0,5.0,0.001566287525638635
35.0,6.0,0.8973178100361064
35.0,7.0,0.7569238744075829
35.0,8.0,0.0131520450503853
35.0,9.0,0.29845456870410286
35.0,10.0,0.9032532662200674
35.0,11.0,0.9717323651452282
35.0,12.0,0.6760016429558269
35.0,13.0,0.9403029403029403
35.0,14.0,0.786736552544515
35.0,15.0,0.0019947545343725758
35.0,16.0,0.035777646363098756
35.0,17.0,0.44410441707838655
35.0,18.0,0.07037752675386445
35.0,19.0,0.4270790583143678
35.0,20.0,0.7934200172368568
35.0,21.0,0.0005172350094210663
35.0,22.0,0.2530749851807943
35.0,23.0,0.0
35.0,24.0,0.5097130570178691
35.0,25.0,0.47368030567199615
35.0,26.0,0.5603642960275443
35.0,27.0,0.3791592394533571
35.0,28.0,0.20966427036241014
36.0,0.0,0.00965998916359264
36.0,1.0,0.004746894122010013
36.0,2.0,0.9321656523675227
36.0,3.0,0.43721346304372133
36.0,4.0,0.08568671837310275
36.0,5.0,0.00014917024053701287
36.0,6.0,0.8591481836268514
36.0,7.0,0.3417135663507109
36.0,8.0,0.3871517486662715
36.0,9.0,0.13868693142376967
36.0,10.0,0.9217587623524187
36.0,11.0,0.9863663307646711
36.0,12.0,0.39983570441731076
36.0,13.0,0.1593035343035343
36.0,14.0,0.7381509981041597
36.0,15.0,0.00029551919027741866
36.0,16.0,0.0007761679479597871
36.0,17.0,0.4325639702086867
36.0,18.0,0.08241676575505351
36.0,19.0,0.6982800432787375
36.0,20.0,0.5882639487390865
36.0,21.0,0.00014778143126316178
36.0,22.0,0.09943687018375814
36.0,23.0,0.0
36.0,24.0,0.47275153851857343
36.0,25.0,0.6269985532514746
36.0,26.0,0.3209062974343786
36.0,27.0,0.13398692810457516
36.0,28.0,0.17371970651448898
37.0,0.0,0.00840563790070585
37.0,1.0,0.0031893194882254773
37.0,2.0,0.07559002523378358
37.0,3.0,0.27902642662790267
37.0,4.0,0.0003339889412550562
37.0,5.0,0.00037292560134253216
37.0,6.0,0.000736865374696043
37.0,7.0,0.0009256516587677725
37.0,8.0,0.03978956727919383
37.0,9.0,0.08837821051477841
37.0,10.0,0.15041267256375143
37.0,11.0,0.6576763485477178
37.0,12.0,0.046898920876740975
37.0,13.0,0.008872883872883873
37.0,14.0,0.15066354410616706
37.0,15.0,0.0
37.0,16.0,0.0
37.0,17.0,0.008000884890494801
37.0,18.0,0.014120095124851368
37.0,19.0,0.9344103272021789
37.0,20.0,0.007269457039007756
37.0,21.0,0.0
37.0,22.0,0.00670569057498518
37.0,23.0,0.0
37.0,24.0,0.0
37.0,25.0,0.006009570797937456
37.0,26.0,0.0
37.0,27.0,0.0
37.0,28.0,0.048914251834284446
38.0,0.0,0.023031076738092942
38.0,1.0,0.007787873168922678
38.0,2.0,0.9109395873534214
38.0,3.0,0.436579820343658
38.0,4.0,0.026051137417894384
38.0,5.0,0.0004102181614767854
38.0,6.0,0.9209711885638494
38.0,7.0,0.31479561611374407
38.0,8.0,0.30579430942501484
38.0,9.0,0.16353074421833327
38.0,10.0,0.9479255338835634
38.0,11.0,0.9832172495554238
38.0,12.0,0.5822784810126582
38.0,13.0,0.6873700623700624
38.0,14.0,0.7544329207092673
38.0,15.0,0.0004802186842008053
38.0,16.0,0.003252513305736251
38.0,17.0,0.3557628493473933
38.0,18.0,0.06725624256837098
38.0,19.0,0.6429131067417826
38.0,20.0,0.5647693633604377
38.0,21.0,0.00011083607344737133
38.0,22.0,0.12633372851215174
38.0,23.0,3.726060064088233e-05
38.0,24.0,0.6903314302661823
38.0,25.0,0.5763252587454094
38.0,26.0,0.387434748806042
38.0,27.0,0.14646464646464646
38.0,28.0,0.21900244571259173
39.0,0.0,0.03259457734300198
39.0,1.0,0.014092341924717226
39.0,2.0,0.9319430013359062
39.0,3.0,0.5273025457527303
39.0,4.0,0.04902215459976992
39.0,5.0,0.0004102181614767854
39.0,6.0,0.8883648957335495
39.0,7.0,0.3019845971563981
39.0,8.0,0.352808239478364
39.0,9.0,0.2146432355412663
39.0,10.0,0.9497390725045338
39.0,11.0,0.9820317131001778
39.0,12.0,0.5308614316119638
39.0,13.0,0.5307766557766558
39.0,14.0,0.7991152745251106
39.0,15.0,0.000775737874478224
39.0,16.0,0.0020328208160851568
39.0,17.0,0.3027800309711673
39.0,18.0,0.06071640903686088
39.0,19.0,0.6620527552885871
39.0,20.0,0.5992430771536703
39.0,21.0,0.00011083607344737133
39.0,22.0,0.15849140486069946
39.0,23.0,3.726060064088233e-05
39.0,24.0,0.6362052346704233
39.0,25.0,0.619727714508291
39.0,26.0,0.3491170263966532
39.0,27.0,0.11760992275698158
39.0,28.0,0.27073297265248647
40.0,0.0,0.009711944541345347
40.0,1.0,0.0032264045985536806
40.0,2.0,0.8541264657859582
40.0,3.0,0.45447090834544707
40.0,4.0,0.19007681745648866
40.0,5.0,0.0002610479209397725
40.0,6.0,0.8646009873996021
40.0,7.0,0.5682760663507109
40.0,8.0,0.3642560758743331
40.0,9.0,0.12962624675751708
40.0,10.0,0.8947777489914505
40.0,11.0,0.9882557794902194
40.0,12.0,0.33844890033979314
40.0,13.0,0.4398945648945649
40.0,14.0,0.7053641128582581
40.0,15.0,0.00022163939270806397
40.0,16.0,0.0007392075694855116
40.0,17.0,0.4492662782980606
40.0,18.0,0.08810196195005945
40.0,19.0,0.6956683953288811
40.0,20.0,0.5877393487465807
40.0,21.0,3.6945357815790445e-05
40.0,22.0,0.1052163604030824
40.0,23.0,0.0
40.0,24.0,0.3523763624230741
40.0,25.0,0.6287420707051972
40.0,26.0,0.33182777386990486
40.0,27.0,0.15014111705288175
40.0,28.0,0.15126361817238568
41.0,0.0,0.020099308993475888
41.0,1.0,0.0004079362136102355
41.0,2.0,0.1949680866854683
41.0,3.0,0.2968056953296806
41.0,4.0,0.10824952684899988
41.0,5.0,0.0013052396046988625
41.0,6.0,0.13727801930587283
41.0,7.0,0.0434686018957346
41.0,8.0,0.10599436870183758
41.0,9.0,0.23711227211282013
41.0,10.0,0.40134720011843517
41.0,11.0,0.8333950800237108
41.0,12.0,0.11104887793585004
41.0,13.0,0.016409266409266408
41.0,14.0,0.5812423329987733
41.0,15.0,0.0009234974696169332
41.0,16.0,0.0003326434062684802
41.0,17.0,0.005751788216208244
41.0,18.0,0.01649821640903686
41.0,19.0,0.9220236540685744
41.0,20.0,0.03080151384569266
41.0,21.0,0.00029556286252632356
41.0,22.0,0.12574096028452875
41.0,23.0,0.0
41.0,24.0,0.0034848372506858455
41.0,25.0,0.11525763252587454
41.0,26.0,0.014327496205249713
41.0,27.0,0.0009284016636957813
41.0,28.0,0.08863855332394575
42.0,0.0,0.018982268371792684
42.0,1.0,0.00022251066196921936
42.0,2.0,0.8655187769036663
42.0,3.0,0.3969957881396996
42.0,4.0,0.03640479459680113
42.0,5.0,0.0002237553608055193
42.0,6.0,0.9231080981504679
42.0,7.0,0.5452828791469194
42.0,8.0,0.09276822762299941
42.0,9.0,0.14095210259033283
42.0,10.0,0.9442984566416226
42.0,11.0,0.9766597510373444
42.0,12.0,0.4436727530712072
42.0,13.0,0.918918918918919
42.0,14.0,0.7428348388535743
42.0,15.0,0.00029551919027741866
42.0,16.0,0.017001774098166764
42.0,17.0,0.49749281026472975
42.0,18.0,0.07197532699167658
42.0,19.0,0.6063873447002202
42.0,20.0,0.7186645183047926
42.0,21.0,0.00011083607344737133
42.0,22.0,0.12840841730883223
42.0,23.0,3.726060064088233e-05
42.0,24.0,0.7827166901460666
42.0,25.0,0.45861928256111584
42.0,26.0,0.4205693976528081
42.0,27.0,0.1245172311348782
42.0,28.0,0.19636107611354037
43.0,0.0,0.032509222079551106
43.0,1.0,0.020730576673465603
43.0,2.0,0.9329820394834496
43.0,3.0,0.5809758097580976
43.0,4.0,0.8102200616024047
43.0,5.0,0.02073466343464479
43.0,6.0,0.5832657873406528
43.0,7.0,0.6934982227488151
43.0,8.0,0.0028526970954356845
43.0,9.0,0.37554345840488107
43.0,10.0,0.902550057367038
43.0,11.0,0.9620998814463545
43.0,12.0,0.6668533661924498
43.0,13.0,0.9946539946539946
43.0,14.0,0.9610051670941601
43.0,15.0,0.005725684311624986
43.0,16.0,0.0019589000591366057
43.0,17.0,0.5252931199764029
43.0,18.0,0.041357015457788346
43.0,19.0,0.4248405029287766
43.0,20.0,0.7864878030501743
43.0,21.0,0.00044334429378948534
43.0,22.0,0.6157750444576171
43.0,23.0,0.0
43.0,24.0,0.8064803143768073
43.0,25.0,0.695181214526839
43.0,26.0,0.6287068231461257
43.0,27.0,0.3022875816993464
43.0,28.0,0.03353590750759653
44.0,0.0,0.0038038758711803518
44.0,1.0,0.41316521416651214
44.0,2.0,0.9709069318687843
44.0,3.0,0.3393343024339334
44.0,4.0,0.043270122833710616
44.0,5.0,0.0007085586425508111
44.0,6.0,0.9241028664063076
44.0,7.0,0.0005183649289099526
44.0,8.0,0.0858402489626556
44.0,9.0,0.1077417704870118
44.0,10.0,0.8713868018801584
44.0,11.0,0.8719620628334321
44.0,12.0,0.09428326052051827
44.0,13.0,0.6438223938223938
44.0,14.0,0.5885654808371436
44.0,15.0,0.0
44.0,16.0,0.0028829095209934948
44.0,17.0,0.37287073224688444
44.0,18.0,0.07944411414982164
44.0,19.0,0.6637316718277805
44.0,20.0,0.3276126953198186
44.0,21.0,0.0
44.0,22.0,0.13170569057498518
44.0,23.0,0.0
44.0,24.0,0.1991176688663157
44.0,25.0,0.12245427903698483
44.0,26.0,0.0724519640146607
44.0,27.0,0.06402257872846108
44.0,28.0,0.004335581412584303
45.0,0.0,0.32896660753649865
45.0,1.0,0.004746894122010013
45.0,2.0,0.9540967789817426
45.0,3.0,0.8474784747847478
45.0,4.0,0.16662337180391137
45.0,5.0,0.004848032817452918
45.0,6.0,0.8507847616240513
45.0,7.0,0.8386774289099526
45.0,8.0,0.040567575577949024
45.0,9.0,0.6398012494976435
45.0,10.0,0.8399274584551611
45.0,11.0,0.6982068761114404
45.0,12.0,0.9469026548672567
45.0,13.0,0.9451663201663202
45.0,14.0,0.9024199843871975
45.0,15.0,0.11998079125263197
45.0,16.0,0.026537551744529864
45.0,17.0,0.8452547747216282
45.0,18.0,0.28708382877526756
45.0,19.0,0.3960750662239302
45.0,20.0,0.8990894442987222
45.0,21.0,0.000997524661026342
45.0,22.0,0.2913085358624778
45.0,23.0,3.726060064088233e-05
45.0,24.0,0.8657966931118856
45.0,25.0,0.5322921690099046
45.0,26.0,0.8270704527784977
45.0,27.0,0.1776218062982769
45.0,28.0,0.31831319943674496
46.0,0.0,0.01184953722602816
46.0,1.0,0.0004079362136102355
46.0,2.0,0.9344292711889565
46.0,3.0,0.5254016176525401
46.0,4.0,0.29287119159832264
46.0,5.0,0.00037292560134253216
46.0,6.0,0.8823594429297767
46.0,7.0,0.5751999407582938
46.0,8.0,0.02059869590989923
46.0,9.0,0.2516897446202185
46.0,10.0,0.9509974462415337
46.0,11.0,0.9785121517486662
46.0,12.0,0.6124117844740674
46.0,13.0,0.9853727353727354
46.0,14.0,0.8761384335154827
46.0,15.0,0.00011081969635403198
46.0,16.0,0.01696481371969249
46.0,17.0,0.5260673991593541
46.0,18.0,0.06383769322235434
46.0,19.0,0.6367197701749804
46.0,20.0,0.7394611608648406
46.0,21.0,0.00011083607344737133
46.0,22.0,0.21198873740367516
46.0,23.0,0.0
46.0,24.0,0.6382442351894417
46.0,25.0,0.7201839967355418
46.0,26.0,0.46710599385435564
46.0,27.0,0.1662210338680927
46.0,28.0,0.220966427036241
47.0,0.0,0.10240776064899688
47.0,1.0,7.417022065640645e-05
47.0,2.0,0.9651551135520261
47.0,3.0,0.7440828953744083
47.0,4.0,0.09867517719968828
47.0,5.0,0.0015289949655043818
47.0,6.0,0.904465404170658
47.0,7.0,0.6210011848341233
47.0,8.0,0.013670717249555424
47.0,9.0,0.5039640495414855
47.0,10.0,0.936896258188682
47.0,11.0,0.9801422643746295
47.0,12.0,0.633471490982413
47.0,13.0,0.9911271161271161
47.0,14.0,0.9386639901862385
47.0,15.0,0.005614864615270954
47.0,16.0,0.04372412773506801
47.0,17.0,0.592323574957599
47.0,18.0,0.059081450653983354
47.0,19.0,0.7004812894079021
47.0,20.0,0.7464683179075955
47.0,21.0,0.000665016440684228
47.0,22.0,0.4525044457617072
47.0,23.0,0.00014904240256352933
47.0,24.0,0.7257729665603915
47.0,25.0,0.6343064881106948
47.0,26.0,0.7170412054348229
47.0,27.0,0.2247103386809269
47.0,28.0,0.3368413251315497
48.0,0.0,0.2855764449161663
48.0,1.0,0.00048210643426664196
48.0,2.0,0.8871159269704616
48.0,3.0,0.8958962316895897
48.0,4.0,0.09518684825769103
48.0,5.0,0.0031698676114115232
48.0,6.0,0.9223343895070371
48.0,7.0,0.7097526658767772
48.0,8.0,0.014115293420272674
48.0,9.0,0.6838624821891783
48.0,10.0,0.9304933565268885
48.0,11.0,0.9775859513930053
48.0,12.0,0.8141966319405549
48.0,13.0,0.9671443421443422
48.0,14.0,0.9755027694137764
48.0,15.0,0.00664918178124192
48.0,16.0,0.06261088113542283
48.0,17.0,0.6076616768674876
48.0,18.0,0.05986177170035672
48.0,19.0,0.3890609260157445
48.0,20.0,0.8222730168246712
48.0,21.0,0.001477814312631618
48.0,22.0,0.47110254890337877
48.0,23.0,0.0005961696102541173
48.0,24.0,0.9049455030770371
48.0,25.0,0.5935749527024521
48.0,26.0,0.7808670541631187
48.0,27.0,0.20261437908496732
48.0,28.0,0.42507225969020973
49.0,0.0,0.364964262122303
49.0,1.0,0.026404598553680696
49.0,2.0,0.9691628321211222
49.0,3.0,0.9414066867941406
49.0,4.0,0.2654469885330463
49.0,5.0,0.002573186649263472
49.0,6.0,0.7952619556407045
49.0,7.0,0.7882109004739336
49.0,8.0,0.2621517486662715
49.0,9.0,0.5741478206861277
49.0,10.0,0.9068063214774789
49.0,11.0,0.9676570835803201
49.0,12.0,0.07979537731974161
49.0,13.0,0.2231957231957232
49.0,14.0,0.9397420170253894
49.0,15.0,7.387979756935466e-05
49.0,16.0,0.00768775872264932
49.0,17.0,0.6144458373276307
49.0,18.0,0.00468192627824019
49.0,19.0,0.7541693094056635
49.0,20.0,0.02409412822722674
49.0,21.0,0.0018472678907895223
49.0,22.0,0.4501704208654416
49.0,23.0,0.0
49.0,24.0,0.015607622154667457
49.0,25.0,0.6278517639203175
49.0,26.0,0.16522898078560586
49.0,27.0,0.19325609031491384
49.0,28.0,0.2783295041873564
50.0,0.0,0.03470990343721935
50.0,1.0,0.0038568514741331356
50.0,2.0,0.915726584533175
50.0,3.0,0.8494539490849454
50.0,4.0,0.21735258099231825
50.0,5.0,0.0016035800857728882
50.0,6.0,0.9140446540417065
50.0,7.0,0.751666172985782
50.0,8.0,0.01052163604030824
50.0,9.0,0.45650506010010594
50.0,10.0,0.9434472038195344
50.0,11.0,0.8800755779490219
50.0,12.0,0.8405586049811433
50.0,13.0,0.996064746064746
50.0,14.0,0.7717928701535259
50.0,15.0,0.0007387979756935466
50.0,16.0,0.4228636901241869
50.0,17.0,0.23733500479315683
50.0,18.0,0.0714179548156956
50.0,19.0,0.527291721075999
50.0,20.0,0.84209540225578
50.0,21.0,0.00018472678907895224
50.0,22.0,0.36429312388855956
50.0,23.0,0.00014904240256352933
50.0,24.0,0.9043152665529769
50.0,25.0,0.12679452461327298
50.0,26.0,0.7602088038206657
50.0,27.0,0.26232917409387996
50.0,28.0,0.3168309493811606
51.0,0.0,0.11502920634449385
51.0,1.0,0.007973298720563694
51.0,2.0,0.8304883479293454
51.0,3.0,0.5978605240597861
51.0,4.0,0.05718632871933796
51.0,5.0,0.0028342345702032446
51.0,6.0,0.7884827941935009
51.0,7.0,0.4771919431279621
51.0,8.0,0.1740515708358032
51.0,9.0,0.2802235943151511
51.0,10.0,0.8992930900477442
51.0,11.0,0.8820761707172495
51.0,12.0,0.4847466487435122
51.0,13.0,0.056912681912681916
51.0,14.0,0.8635366714992008
51.0,15.0,0.003029071700343541
51.0,16.0,0.12082347723240686
51.0,17.0,0.49081926111643687
51.0,18.0,0.06822235434007135
51.0,19.0,0.6092601574450621
51.0,20.0,0.13826956945329186
51.0,21.0,0.0006280710828684376
51.0,22.0,0.24273858921161826
51.0,23.0,7.452120128176467e-05
51.0,24.0,0.0550900867502039
51.0,25.0,0.15242794079459882
51.0,26.0,0.42119877087112656
51.0,27.0,0.16451277480689244
51.0,28.0,0.15648854961832062
