disabled_sensor,state_id,TPR
-1.0,0,0.6665875411170267
-1.0,1,0.9095780011513085
-1.0,2,0.930599921235724
-1.0,3,0.9274797460039413
-1.0,4,0.9365281002234
-1.0,5,0.9106179553528354
-1.0,6,0.9205164236782013
-1.0,7,0.9058833945725796
-1.0,8,0.9507757218828287
-1.0,9,0.897677922538332
-1.0,10,0.9366758120187627
-1.0,11,0.9646076352067868
-1.0,12,0.957625627035114
-1.0,13,0.9279779604687773
-1.0,14,0.9878578392271559
-1.0,15,0.8475189828712697
-1.0,16,0.9559547571523619
-1.0,17,0.9540009796499977
-1.0,18,0.9316091187841621
-1.0,19,0.9474795460543679
-1.0,20,0.9408962597035991
0.0,0,0.07175556987351216
0.0,1,0.9057698268609131
0.0,2,0.9282807508860981
0.0,3,0.882110794832494
0.0,4,0.9258399404266503
0.0,5,0.9053988860137713
0.0,6,0.9033462146495697
0.0,7,0.8989773783700031
0.0,8,0.858656001406408
0.0,9,0.5528671452627847
0.0,10,0.5025223471103637
0.0,11,0.9672145634499824
0.0,12,0.9616298512716712
0.0,13,0.9345810739898548
0.0,14,0.989807675263671
0.0,15,0.34946141621048915
0.0,16,0.9894876912840985
0.0,17,0.9521752682905108
0.0,18,0.9398302448562413
0.0,19,0.9375824755872262
0.0,20,0.9412932251235003
1.0,0,1.695547492285259e-05
1.0,1,0.2631625559048842
1.0,2,0.028573929024635715
1.0,3,0.00608714692358222
1.0,4,0.6011213806999869
1.0,5,0.29546949695188807
1.0,6,0.6963376075882662
1.0,7,0.21430784895303023
1.0,8,0.000615303476464642
1.0,9,0.14269254630860587
1.0,10,0.29834498628197187
1.0,11,0.7184959349593496
1.0,12,0.009548534717944205
1.0,13,0.5873272695469652
1.0,14,0.5866790747141718
1.0,15,0.0038407204661840013
1.0,16,0.004834774894655134
1.0,17,0.8058957118047825
1.0,18,0.029062791627782962
1.0,19,0.25354095187824405
1.0,20,0.46921312632321804
2.0,0,0.0
2.0,1,0.3371562679891954
2.0,2,0.9302060998555989
2.0,3,0.0003503393912853076
2.0,4,0.4250733715887687
2.0,5,0.17214157273803782
2.0,6,0.8993939926225188
2.0,7,0.4772234273318872
2.0,8,0.6335428295169868
2.0,9,0.006071080386422051
2.0,10,0.20448712275422604
2.0,11,0.9899699540473665
2.0,12,0.9560855407902843
2.0,13,0.9422336889977261
2.0,14,0.9755827350881857
2.0,15,0.0005297545470598623
2.0,16,0.6393878908848969
2.0,17,0.9449169523979161
2.0,18,0.9068124250099987
2.0,19,0.0281076801266825
2.0,20,0.685029992942837
3.0,0,0.5711451727762895
3.0,1,0.9075853518133109
3.0,2,0.9329190915853498
3.0,3,0.7781475804685789
3.0,4,0.9357396294187218
3.0,5,0.9090390772334547
3.0,6,0.9215703495520815
3.0,7,0.9092921333392359
3.0,8,0.9467322990374896
3.0,9,0.9403084286094124
3.0,10,0.8661385963359589
3.0,11,0.9686726758571933
3.0,12,0.9598697527061515
3.0,13,0.9290711911841875
3.0,14,0.9890100150669149
3.0,15,0.7533109659191242
3.0,16,0.957329784874695
3.0,17,0.9545353341942379
3.0,18,0.9277429676043194
3.0,19,0.954517462831002
3.0,20,0.9374558927311221
4.0,0,0.0
4.0,1,0.002214054819997343
4.0,2,0.8997068218614623
4.0,3,4.379242391066345e-05
4.0,4,0.020587848788821236
4.0,5,0.00039471952984518224
4.0,6,0.8921043386615142
4.0,7,0.05135242817300456
4.0,8,0.000351601986551224
4.0,9,0.0
4.0,10,0.20267280290291176
4.0,11,0.980072463768116
4.0,12,0.9275719440288657
4.0,13,0.9633986356480672
4.0,14,0.9860409465567668
4.0,15,0.0
4.0,16,4.435573297848747e-05
4.0,17,0.949859731932137
4.0,18,0.611873972359241
4.0,19,0.0
4.0,20,0.12689661256175017
5.0,0,0.0007629963715283665
5.0,1,0.6297214719036444
5.0,2,0.7912746685336717
5.0,3,0.3477994306984892
5.0,4,0.9141004862236629
5.0,5,0.7431691592474015
5.0,6,0.8826190057965924
5.0,7,0.6006020629509938
5.0,8,0.0
5.0,9,0.41132677479393775
5.0,10,0.874369413222409
5.0,11,0.9616914103923648
5.0,12,0.223444512892722
5.0,13,0.9656725555361203
5.0,14,0.989674731897545
5.0,15,0.09906410030019425
5.0,16,0.006609004213794633
5.0,17,0.9531994478336376
5.0,18,0.031373594631826866
5.0,19,0.9339755432392012
5.0,20,0.8293930839802399
6.0,0,0.0
6.0,1,0.9032900854625161
6.0,2,0.9223296722530959
6.0,3,0.0003941318151959711
6.0,4,0.25270489289938236
6.0,5,0.7775097583439323
6.0,6,0.9108115229228878
6.0,7,0.39970782239142943
6.0,8,0.6948534259218565
6.0,9,0.007887973056811132
6.0,10,0.03982653332153288
6.0,11,0.9642983386355602
6.0,12,0.9691542726392678
6.0,13,0.9164334441140458
6.0,14,0.9766019675618187
6.0,15,0.01138972276178704
6.0,16,0.026347305389221556
6.0,17,0.9332502115153404
6.0,18,0.8518864151446474
6.0,19,0.01020497932611947
6.0,20,0.7029816513761468
7.0,0,0.06488860252975685
7.0,1,0.8993490678829208
7.0,2,0.9345818929681005
7.0,3,0.7971534924458069
7.0,4,0.9208462919970213
7.0,5,0.8280338581641156
7.0,6,0.9154224486211137
7.0,7,0.82296693080703
7.0,8,0.6285325012086318
7.0,9,0.6862093414871931
7.0,10,0.9267191786883795
7.0,11,0.9682750088370449
7.0,12,0.9319281879785268
7.0,13,0.9424960643694246
7.0,14,0.9895861029867943
7.0,15,0.449938195302843
7.0,16,0.01752051452650255
7.0,17,0.9528432114708109
7.0,18,0.8104252766297827
7.0,19,0.9498548429664819
7.0,20,0.9055222300635145
8.0,0,0.0
8.0,1,0.5956693087720852
8.0,2,0.9268804970900976
8.0,3,0.1369827019925553
8.0,4,0.8482631740330282
8.0,5,0.16398403578790405
8.0,6,0.9027314245564728
8.0,7,0.5873655318960556
8.0,8,0.3999912099503362
8.0,9,0.015465744925994859
8.0,10,0.2986104965041154
8.0,11,0.9611611876988335
8.0,12,0.9542814397606266
8.0,13,0.9345373447612384
8.0,14,0.9904723920943012
8.0,15,0.07010418506092177
8.0,16,0.7331559104014194
8.0,17,0.9470989001202298
8.0,18,0.7234590943429765
8.0,19,0.18434943256795988
8.0,20,0.9007586450247
9.0,0,0.6860693818033843
9.0,1,0.9094894389585086
9.0,2,0.9072331860149652
9.0,3,0.9290562732647252
9.0,4,0.9363528844890271
9.0,5,0.9118459716679093
9.0,6,0.9181890040400492
9.0,7,0.9063703572535304
9.0,8,0.9490177119500726
9.0,9,0.8990073561995923
9.0,10,0.9301708115762457
9.0,11,0.9651378579003181
9.0,12,0.952477338730969
9.0,13,0.9281528773832429
9.0,14,0.9879464681379065
9.0,15,0.8339219494967332
9.0,16,0.9584830339321357
9.0,17,0.9538228614685844
9.0,18,0.9037017286584011
9.0,19,0.9549573326295416
9.0,20,0.940984474241355
10.0,0,0.0
10.0,1,0.7836425629898597
10.0,2,0.9222421563908458
10.0,3,0.0
10.0,4,0.025362477550484035
10.0,5,0.20630674093241524
10.0,6,0.8954417705954681
10.0,7,0.10416574438886184
10.0,8,0.6949852766668132
10.0,9,0.020517592838784012
10.0,10,0.02305513762279848
10.0,11,0.187124425592082
10.0,12,0.9086508844495291
10.0,13,0.9182263424873185
10.0,14,0.7353983869538243
10.0,15,0.0002207310612749426
10.0,16,0.1391439343535152
10.0,17,0.9446052455804427
10.0,18,0.9161000755454828
10.0,19,0.15998064572886425
10.0,20,0.8358327452364149
11.0,0,0.34283970294007937
11.0,1,0.887481734047735
11.0,2,0.9362446943508511
11.0,3,0.9236698051237135
11.0,4,0.9296508826492619
11.0,5,0.9021095565983948
11.0,6,0.9165202880730722
11.0,7,0.886139271326752
11.0,8,0.10504109348217817
11.0,9,0.8137463440574315
11.0,10,0.8977785644747323
11.0,11,0.9655355249204666
11.0,12,0.9493971662413095
11.0,13,0.9377733076788526
11.0,14,0.9888327572454134
11.0,15,0.6797633763023133
11.0,16,0.09332446218673764
11.0,17,0.953778331923231
11.0,18,0.8167799848909034
11.0,19,0.9475235330342219
11.0,20,0.9315455187014821
12.0,0,0.0
12.0,1,0.002036930434397556
12.0,2,0.9183477005207193
12.0,3,0.0
12.0,4,0.00039423540233913005
12.0,5,0.0024560326301478006
12.0,6,0.9233708062532935
12.0,7,0.03005887821506043
12.0,8,0.15466092383421967
12.0,9,4.4314455375343434e-05
12.0,10,0.04190636339499071
12.0,11,0.07811947684694238
12.0,12,0.9156472762474699
12.0,13,0.9674654539093931
12.0,14,0.04364973854471329
12.0,15,0.0
12.0,16,0.011709913506320693
12.0,17,0.9368571046889611
12.0,18,0.7963827045282851
12.0,19,0.0
12.0,20,0.10863620324629499
13.0,0,0.07462104513547424
13.0,1,0.885799052384537
13.0,2,0.9317376274449743
13.0,3,0.8400262754543464
13.0,4,0.918743703184546
13.0,5,0.859962282356037
13.0,6,0.9144563499033901
13.0,7,0.8526716543450352
13.0,8,0.10148112336834703
13.0,9,0.507356199592307
13.0,10,0.9246836003186123
13.0,11,0.9677006009190526
13.0,12,0.9533133855495908
13.0,13,0.9480934056323247
13.0,14,0.9900735619959231
13.0,15,0.4351933604096769
13.0,16,0.022399645154136172
13.0,17,0.9528432114708109
13.0,18,0.9145447273696841
13.0,19,0.9297967801530747
13.0,20,0.9057427664079041
14.0,0,0.00010173284953711554
14.0,1,0.7329849887083204
14.0,2,0.9275368660569728
14.0,3,0.14017954893803372
14.0,4,0.8978492268605721
14.0,5,0.12012631024955046
14.0,6,0.9072984366766204
14.0,7,0.27083978927796715
14.0,8,0.012701621764162967
14.0,9,0.037578658158291235
14.0,10,0.8132578104257014
14.0,11,0.9696005655708732
14.0,12,0.9267358972102437
14.0,13,0.9680776631100227
14.0,14,0.9914029956571834
14.0,15,0.02657601977750309
14.0,16,0.010556664448880019
14.0,17,0.952086209199804
14.0,18,0.831400257743412
14.0,19,0.2534529779185361
14.0,20,0.7710832745236414
15.0,0,0.11553460612431754
15.0,1,0.9092680334765089
15.0,2,0.930599921235724
15.0,3,0.799474490913072
15.0,4,0.931709667528144
15.0,5,0.9110126748826806
15.0,6,0.9200772878974178
15.0,7,0.9046881225375183
15.0,8,0.9434360304135718
15.0,9,0.8830098378090934
15.0,10,0.9749977874148155
15.0,11,0.9709261223047013
15.0,12,0.941388717768195
15.0,13,0.9146405457407731
15.0,14,0.9893202162545423
15.0,15,0.5454264524103832
15.0,16,0.9373697050343757
15.0,17,0.9548470410117113
15.0,18,0.9402301915300182
15.0,19,0.9552652414885194
15.0,20,0.9331774876499647
16.0,0,0.0
16.0,1,0.5555949165301333
16.0,2,0.9284120246794731
16.0,3,0.1313334793080797
16.0,4,0.8992509527355557
16.0,5,0.13315205473444147
16.0,6,0.9092745476901458
16.0,7,0.7187569170835363
16.0,8,0.02562299476992045
16.0,9,0.07006115394841797
16.0,10,0.6746614744667669
16.0,11,0.9841375044185224
16.0,12,0.9493091613130336
16.0,13,0.9365488892775932
16.0,14,0.9902065053620491
16.0,15,0.13460180116546
16.0,16,0.0010201818585052118
16.0,17,0.9521752682905108
16.0,18,0.7782073501310937
16.0,19,0.7097299199436967
16.0,20,0.9138143966125617
17.0,0,0.0
17.0,1,0.8950980826285259
17.0,2,0.9219796088040958
17.0,3,0.0013575651412305672
17.0,4,0.2756581541022384
17.0,5,0.2488487347046182
17.0,6,0.9022483751976111
17.0,7,0.575147195537651
17.0,8,0.4652573287039072
17.0,9,0.013515908889479749
17.0,10,0.023674661474466768
17.0,11,0.9298338635560268
17.0,12,0.9619378685206371
17.0,13,0.9762987580899073
17.0,14,0.9535141363112647
17.0,15,0.0013685325799046443
17.0,16,0.29509869150587714
17.0,17,0.9449169523979161
17.0,18,0.9026796427143048
17.0,19,0.11115509809096508
17.0,20,0.8299223712067749
18.0,0,0.043389060327579776
18.0,1,0.9076739140061107
18.0,2,0.925348969500722
18.0,3,0.37403109262097656
18.0,4,0.9250952735555653
18.0,5,0.9070216218586904
18.0,6,0.9178376954154225
18.0,7,0.9025189251405551
18.0,8,0.9283171449918692
18.0,9,0.7689444296729593
18.0,10,0.5830604478272413
18.0,11,0.9640332272887946
18.0,12,0.9534893954061427
18.0,13,0.9348434493615533
18.0,14,0.9885668705131614
18.0,15,0.2597121666960975
18.0,16,0.9119982257706809
18.0,17,0.9526650932893975
18.0,18,0.9355641470026219
18.0,19,0.9500747778657518
18.0,20,0.9294283697953423
19.0,0,0.0
19.0,1,0.8602931408581677
19.0,2,0.9232923467378462
19.0,3,0.0
19.0,4,0.8736694555171054
19.0,5,0.8515854567782115
19.0,6,0.8919286843492008
19.0,7,0.5581477710390013
19.0,8,0.8070584098800159
19.0,9,0.9720375786581583
19.0,10,0.4031772723249845
19.0,11,0.9567868504772005
19.0,12,0.9651940508668485
19.0,13,0.930951548014693
19.0,14,0.9908712221926792
19.0,15,8.829242450997704e-05
19.0,16,0.41428254601907294
19.0,17,0.9565391637351383
19.0,18,0.9190774563391548
19.0,19,0.9240784727720595
19.0,20,0.2924752999294284
20.0,0,0.0
20.0,1,0.7822255679050614
20.0,2,0.9031199404892136
20.0,3,0.0
20.0,4,0.029436243374655044
20.0,5,0.572431033726591
20.0,6,0.9270156332337959
20.0,7,0.04971446279162424
20.0,8,0.5107018854656529
20.0,9,4.4314455375343434e-05
20.0,10,0.0004425170369059209
20.0,11,0.9249734888653235
20.0,12,0.9664261198627123
20.0,13,0.9326132587021165
20.0,14,0.6644509438978995
20.0,15,0.0
20.0,16,0.0
20.0,17,0.8543883866945718
20.0,18,0.9011687330578145
20.0,19,0.011744523621008182
20.0,20,0.012791107974594214
21.0,0,0.0
21.0,1,0.867510959571359
21.0,2,0.9325690281363497
21.0,3,0.0
21.0,4,0.28573305882868283
21.0,5,0.06578658830753037
21.0,6,0.912524152467943
21.0,7,0.24551772986852008
21.0,8,0.8267481211268843
21.0,9,0.0
21.0,10,0.39946012921497476
21.0,11,0.9213061152350654
21.0,12,0.9060547390653877
21.0,13,0.9181388840300857
21.0,14,0.9841797394310023
21.0,15,0.0
21.0,16,0.03206919494344644
21.0,17,0.9438927728547891
21.0,18,0.6260942985379727
21.0,19,0.024016891000263923
21.0,20,0.9071100917431193
22.0,0,0.15771982773237478
22.0,1,0.8842492140105389
22.0,2,0.9312562902025993
22.0,3,0.694723012918765
22.0,4,0.9208024880634281
22.0,5,0.8862769176790491
22.0,6,0.26194449323730895
22.0,7,0.8884855460622427
22.0,8,0.9000131850744957
22.0,9,0.6595320393512364
22.0,10,0.7581644393309143
22.0,11,0.9620007069635914
22.0,12,0.9553815013640764
22.0,13,0.9405282490816862
22.0,14,0.988256669325534
22.0,15,0.5871887692036023
22.0,16,0.8204923486360612
22.0,17,0.9524424455626308
22.0,18,0.936897302581878
22.0,19,0.9512624263218088
22.0,20,0.9398817925194072
23.0,0,0.5784699379429618
23.0,1,0.9086038170305096
23.0,2,0.9357633571084759
23.0,3,0.9259908035909787
23.0,4,0.9333304130710938
23.0,5,0.9129862725319065
23.0,6,0.9213946952397681
23.0,7,0.9068573199344814
23.0,8,0.9250208763679515
23.0,9,0.8613843835859257
23.0,10,0.7582529427382955
23.0,11,0.9640774125132555
23.0,12,0.9586376837102878
23.0,13,0.9297271296134336
23.0,14,0.9879907825932819
23.0,15,0.7157866855023839
23.0,16,0.9401641162120205
23.0,17,0.9539119205592911
23.0,18,0.9281873527974048
23.0,19,0.948579220550717
23.0,20,0.9401905434015526
24.0,0,0.42905829292278475
24.0,1,0.9090909090909091
24.0,2,0.9295497308887236
24.0,3,0.9014670462010073
24.0,4,0.9321039029304832
24.0,5,0.9091706504100697
24.0,6,0.9252590901106622
24.0,7,0.8998184957280092
24.0,8,0.9433920801652529
24.0,9,0.8766728706904192
24.0,10,0.7815293388795469
24.0,11,0.9646960056557087
24.0,12,0.9385725600633635
24.0,13,0.8756340738149379
24.0,14,0.988123725959408
24.0,15,0.7315910294896698
24.0,16,0.9712131292969617
24.0,17,0.9536892728325244
24.0,18,0.9154334977558548
24.0,19,0.959444004574646
24.0,20,0.9382057163020465
25.0,0,0.0
25.0,1,0.8025948722490369
25.0,2,0.9310375005469741
25.0,3,0.2765929494197504
25.0,4,0.9126549564150861
25.0,5,0.7191789833779221
25.0,6,0.9126998067802564
25.0,7,0.7238478905662048
25.0,8,0.11642420779677405
25.0,9,0.30878312505539307
25.0,10,0.8786175767767059
25.0,11,0.9679657122658183
25.0,12,0.9587256886385638
25.0,13,0.9504547839776106
25.0,14,0.9907825932819285
25.0,15,0.12356524810171288
25.0,16,0.17813262364160568
25.0,17,0.9527096228347508
25.0,18,0.9284984224325645
25.0,19,0.5709509985044426
25.0,20,0.8704569513055752
26.0,0,0.03484350096646207
26.0,1,0.8597174866049684
26.0,2,0.9326127860674748
26.0,3,0.6927085614188745
26.0,4,0.9227298611415305
26.0,5,0.8513223104249814
26.0,6,0.9098015106270859
26.0,7,0.7307981761034131
26.0,8,0.2051158089043203
26.0,9,0.5866790747141718
26.0,10,0.9059208779538013
26.0,11,0.9648285613290916
26.0,12,0.9328962421895626
26.0,13,0.9421025013118769
26.0,14,0.9892759017991669
26.0,15,0.48750662193183825
26.0,16,0.022133510756265247
26.0,17,0.9531549182882842
26.0,18,0.7811847309247656
26.0,19,0.9455881059206475
26.0,20,0.9198570924488356
27.0,0,0.5292481942419207
27.0,1,0.9086038170305096
27.0,2,0.9320001750317245
27.0,3,0.9198598642434859
27.0,4,0.9313592360593982
27.0,5,0.9079864918205341
27.0,6,0.9174424732127173
27.0,7,0.9081853999734384
27.0,8,0.8092998725442799
27.0,9,0.8432597713374103
27.0,10,0.9018939729179574
27.0,11,0.9634146341463414
27.0,12,0.9483851095661358
27.0,13,0.9327444463879657
27.0,14,0.9880794115040327
27.0,15,0.6752604626523044
27.0,16,0.29625194056331783
27.0,17,0.9539564501046445
27.0,18,0.8856596898191352
27.0,19,0.950998504442685
27.0,20,0.9359562455892732
28.0,0,0.5044592899047102
28.0,1,0.9079396005845105
28.0,2,0.9289808777840983
28.0,3,0.913072038537333
28.0,4,0.9323229225984493
28.0,5,0.9079426340949959
28.0,6,0.6139996486913754
28.0,7,0.9056620478994201
28.0,8,0.936096338944315
28.0,9,0.8602322077461668
28.0,10,0.8131250553146296
28.0,11,0.9642983386355602
28.0,12,0.9625099005544311
28.0,13,0.931694944901172
28.0,14,0.9880794115040327
28.0,15,0.7064276885043264
28.0,16,0.8923929917941894
28.0,17,0.9538228614685844
28.0,18,0.926632004621606
28.0,19,0.9565848508841382
28.0,20,0.9372353563867325
29.0,0,0.10103767506527858
29.0,1,0.9067440109817119
29.0,2,0.9222859143219708
29.0,3,0.8753229691263411
29.0,4,0.9289500197117702
29.0,5,0.9048725933073111
29.0,6,0.8994379062005973
29.0,7,0.8991544557085307
29.0,8,0.8656880411374325
29.0,9,0.615749357440397
29.0,10,0.7295335870431011
29.0,11,0.9695563803464121
29.0,12,0.9571856023937341
29.0,13,0.9309952772433094
29.0,14,0.9898963041744216
29.0,15,0.4181087762669963
29.0,16,0.9595919272565979
29.0,17,0.9526205637440441
29.0,18,0.9172110385281962
29.0,19,0.9217911498196534
29.0,20,0.9273994354269584
30.0,0,0.25404388076910034
30.0,1,0.8515254837709781
30.0,2,0.9350194722793507
30.0,3,0.6157652726078389
30.0,4,0.9292128433133295
30.0,5,0.8944783123547213
30.0,6,0.9220533989109433
30.0,7,0.8840143432644207
30.0,8,0.7388476244890784
30.0,9,0.863998936453071
30.0,10,0.9053456058058236
30.0,11,0.9742400141392719
30.0,12,0.9229516852943764
30.0,13,0.9353244708763337
30.0,14,0.9889213861561641
30.0,15,0.7352551651068339
30.0,16,0.920204036371701
30.0,17,0.9518635614730374
30.0,18,0.9192996489356975
30.0,19,0.9542095539720242
30.0,20,0.9245324629498941
31.0,0,1.695547492285259e-05
31.0,1,0.7482619669663021
31.0,2,0.9288496039907234
31.0,3,0.10045982045106197
31.0,4,0.8937316571028079
31.0,5,0.2277970264462085
31.0,6,0.9058492886000351
31.0,7,0.7026871486121563
31.0,8,0.5008570298422186
31.0,9,0.028671452627847205
31.0,10,0.558367997167891
31.0,11,0.9779515729939908
31.0,12,0.9643140015840888
31.0,13,0.9436330243134511
31.0,14,0.991092794469556
31.0,15,0.02216139855200424
31.0,16,0.8665335994677312
31.0,17,0.9515518546555639
31.0,18,0.9486290716793316
31.0,19,0.024192838919679775
31.0,20,0.8761467889908257
32.0,0,0.4153243582352742
32.0,1,0.90829384935571
32.0,2,0.9289371198529733
32.0,3,0.9206481278738778
32.0,4,0.9318410793289237
32.0,5,0.9114951098636025
32.0,6,0.919199016335851
32.0,7,0.9045995838682545
32.0,8,0.9404034632795675
32.0,9,0.7732429318443677
32.0,10,0.6877157270554917
32.0,11,0.9655355249204666
32.0,12,0.9671741617530581
32.0,13,0.9322634248731853
32.0,14,0.9883009837809094
32.0,15,0.5365089175348755
32.0,16,0.9607008205810601
32.0,17,0.9528877410161642
32.0,18,0.909567613207128
32.0,19,0.9492830122283804
32.0,20,0.9368383909668313
33.0,0,0.7661331343890943
33.0,1,0.9075410707169109
33.0,2,0.9284557826105981
33.0,3,0.9240201445149989
33.0,4,0.9316220596609576
33.0,5,0.9094776544888382
33.0,6,0.9169594238538556
33.0,7,0.9080525919695427
33.0,8,0.916626378939041
33.0,9,0.883098466719844
33.0,10,0.9322506416497035
33.0,11,0.9640774125132555
33.0,12,0.9634339523013289
33.0,13,0.9300332342137485
33.0,14,0.9877248958610299
33.0,15,0.7421861204308671
33.0,16,0.89354624085163
33.0,17,0.9540900387407044
33.0,18,0.8915700128871706
33.0,19,0.9506466086038533
33.0,20,0.9407198306280875
34.0,0,0.5182101800671437
34.0,1,0.9044413939689147
34.0,2,0.9295934888198486
34.0,3,0.8690606525071163
34.0,4,0.9289938236453633
34.0,5,0.9051357396605412
34.0,6,0.9098893377832425
34.0,7,0.9077869759617513
34.0,8,0.9223399112204984
34.0,9,0.7690773730390853
34.0,10,0.9177803345428799
34.0,11,0.9677889713679746
34.0,12,0.9604857872040834
34.0,13,0.9271033758964492
34.0,14,0.9887441283346627
34.0,15,0.5791541585731944
34.0,16,0.9367043690396983
34.0,17,0.951819031927684
34.0,18,0.9335199751144292
34.0,19,0.9615553796076362
34.0,20,0.9297371206774877
35.0,0,0.5368103360575129
35.0,1,0.9063454811141124
35.0,2,0.9303811315800989
35.0,3,0.9173199036566674
35.0,4,0.9314030399929913
35.0,5,0.9051357396605412
35.0,6,0.9160372387142104
35.0,7,0.9083182079773341
35.0,8,0.9320089658506571
35.0,9,0.8163608969245768
35.0,10,0.8407381184175591
35.0,11,0.9658006362672322
35.0,12,0.9597817477778756
35.0,13,0.9292023788700368
35.0,14,0.988256669325534
35.0,15,0.6134999117075755
35.0,16,0.9464626302949656
35.0,17,0.9531994478336376
35.0,18,0.930187086166289
35.0,19,0.9561009941057447
35.0,20,0.9369266055045872
36.0,0,0.0786055817423446
36.0,1,0.892441216844529
36.0,2,0.935938388832976
36.0,3,0.9010291219619005
36.0,4,0.9277235095711595
36.0,5,0.908951361782378
36.0,6,0.9168715966976989
36.0,7,0.9038470051795121
36.0,8,0.395112732386938
36.0,9,0.7204644154923336
36.0,10,0.7735197805115497
36.0,11,0.9657122658183104
36.0,12,0.9616298512716712
36.0,13,0.9401784152527549
36.0,14,0.9894531596206683
36.0,15,0.4755429984107364
36.0,16,0.7434907961854069
36.0,17,0.9536892728325244
36.0,18,0.8739279207216816
36.0,19,0.9453681710213777
36.0,20,0.9331774876499647
37.0,0,0.00033910949845705177
37.0,1,0.8802196342381438
37.0,2,0.9292434253708485
37.0,3,0.47974600394131817
37.0,4,0.9155898199658329
37.0,5,0.7738695671242489
37.0,6,0.9167398559634639
37.0,7,0.8398778166364159
37.0,8,0.8002461213905858
37.0,9,0.3265532216609058
37.0,10,0.5864235773077263
37.0,11,0.9673471191233651
37.0,12,0.9665581272551262
37.0,13,0.940615707538919
37.0,14,0.9905167065496765
37.0,15,0.14016422390958855
37.0,16,0.7801286316256376
37.0,17,0.9515073251102106
37.0,18,0.9057903390659023
37.0,19,0.9326999208234362
37.0,20,0.921621383203952
38.0,0,0.3295805215504086
38.0,1,0.9050613293185139
38.0,2,0.9352820198661007
38.0,3,0.9195971097000218
38.0,4,0.9321915107976696
38.0,5,0.9137318538660585
38.0,6,0.9212190409274548
38.0,7,0.9073000132808003
38.0,8,0.7811277633718631
38.0,9,0.8254896747318975
38.0,10,0.7214797769714134
38.0,11,0.9640332272887946
38.0,12,0.9582416615330458
38.0,13,0.9345810739898548
38.0,14,0.9882123548701587
38.0,15,0.6070545647183472
38.0,16,0.9216234198270127
38.0,17,0.9540455091953511
38.0,18,0.9095231746878194
38.0,19,0.9517462831002024
38.0,20,0.9386467889908257
39.0,0,0.00439146800501882
39.0,1,0.3022627640260373
39.0,2,0.6180807771408567
39.0,3,0.11114517188526385
39.0,4,0.9093258574620001
39.0,5,0.38362352528397875
39.0,6,0.7193483225013174
39.0,7,0.47146841382974014
39.0,8,0.0
39.0,9,0.5058938225649207
39.0,10,0.5500486768740597
39.0,11,0.9532078472958643
39.0,12,0.03489395406142744
39.0,13,0.9477873010320098
39.0,14,0.989674731897545
39.0,15,0.14797810347872153
39.0,16,0.0019516522510534488
39.0,17,0.9619717682682459
39.0,18,0.008265564591387815
39.0,19,0.9097387173396675
39.0,20,0.7294460127028934
40.0,0,0.012852249991522263
40.0,1,0.4143382190143028
40.0,2,0.7601190215726601
40.0,3,0.19597109700021897
40.0,4,0.9121731131455605
40.0,5,0.4756370334634446
40.0,6,0.8297470577902688
40.0,7,0.49311611846473946
40.0,8,0.0
40.0,9,0.5947886200478596
40.0,10,0.6613417116558987
40.0,11,0.9574496288441146
40.0,12,0.010560591393118015
40.0,13,0.9717071890851845
40.0,14,0.9892315873437916
40.0,15,0.17901289069397847
40.0,16,0.0011976047904191617
40.0,17,0.9567172819165516
40.0,18,0.023241345598364663
40.0,19,0.9339315562593472
40.0,20,0.8068983768525053
41.0,0,0.0
41.0,1,0.8986848514369216
41.0,2,0.9343193453813504
41.0,3,0.0
41.0,4,0.9542686933286609
41.0,5,0.9014078329897811
41.0,6,0.9209555594589847
41.0,7,0.40223117446544776
41.0,8,0.6624620929108249
41.0,9,0.24386244793051493
41.0,10,0.03597663510045137
41.0,11,0.9540031813361611
41.0,12,0.9625979054827071
41.0,13,0.9363739723631275
41.0,14,0.9913143667464327
41.0,15,0.0
41.0,16,0.007407407407407408
41.0,17,0.9530213296522243
41.0,18,0.9024130115984536
41.0,19,0.6203043899005894
41.0,20,0.8034139026111503
42.0,0,0.3799043711214351
42.0,1,0.8943453039897268
42.0,2,0.9295059729575985
42.0,3,0.6314429603678564
42.0,4,0.9296508826492619
42.0,5,0.9103986667251436
42.0,6,0.9066836465835236
42.0,7,0.9060604719111072
42.0,8,0.9334593240451808
42.0,9,0.9378268191083932
42.0,10,0.9551730241614302
42.0,11,0.9657122658183104
42.0,12,0.9620258734489131
42.0,13,0.9317386741297884
42.0,14,0.988522556057786
42.0,15,0.6689475542998411
42.0,16,0.9609225992459526
42.0,17,0.9533330364696977
42.0,18,0.9208105585921877
42.0,19,0.9476994809536378
42.0,20,0.9385585744530699
43.0,0,0.001068194920139713
43.0,1,0.0
43.0,2,0.9247363584649718
43.0,3,0.005298883293190278
43.0,4,0.9204958605282755
43.0,5,0.9092145081356081
43.0,6,0.8967591779378183
43.0,7,0.6878126521758378
43.0,8,0.8866523095855492
43.0,9,0.915359390233094
43.0,10,0.8191432870165501
43.0,11,0.959349593495935
43.0,12,0.9387925723840536
43.0,13,0.9306454434143782
43.0,14,0.9883009837809094
43.0,15,0.09659191241391489
43.0,16,0.8556664448880018
43.0,17,0.9525760341986909
43.0,18,0.9155223747944718
43.0,19,0.9102225741180611
43.0,20,0.9105945659844742
44.0,0,6.782189969141036e-05
44.0,1,0.8192445644954169
44.0,2,0.9264866757099725
44.0,3,0.0014013575651412305
44.0,4,0.9046388365675238
44.0,5,0.8431647734748476
44.0,6,0.9160811522922888
44.0,7,0.8399220859710479
44.0,8,0.9362281896892718
44.0,9,0.5963396259859967
44.0,10,0.932958668908753
44.0,11,0.9621774478614351
44.0,12,0.9529173633723489
44.0,13,0.9633111771908344
44.0,14,0.9892315873437916
44.0,15,0.2349902878333039
44.0,16,0.9535595475715236
44.0,17,0.9504831455670838
44.0,18,0.9276096520463938
44.0,19,0.954561449810856
44.0,20,0.9508203952011292
45.0,0,0.08577774763471124
45.0,1,0.9064783244033122
45.0,2,0.9313438060648492
45.0,3,0.8557039632143639
45.0,4,0.9301765298523808
45.0,5,0.9125476952765229
45.0,6,0.9202968557878096
45.0,7,0.9064146265881624
45.0,8,0.9500725179097262
45.0,9,0.7055747584862182
45.0,10,0.8593680856712983
45.0,11,0.9657564510427713
45.0,12,0.9578456393558039
45.0,13,0.9290711911841875
45.0,14,0.9875919524949038
45.0,15,0.9857849196538937
45.0,16,0.7860279441117765
45.0,17,0.9530658591975776
45.0,18,0.9252988490423499
45.0,19,0.9440045746459048
45.0,20,0.9315896259703599
46.0,0,0.6535148699515073
46.0,1,0.9098436877297081
46.0,2,0.9261803701920973
46.0,3,0.9163126779067221
46.0,4,0.9380612378991633
46.0,5,0.9105302399017587
46.0,6,0.9178376954154225
46.0,7,0.9060604719111072
46.0,8,0.950599920889553
46.0,9,0.9006913055038553
46.0,10,0.9342862200194707
46.0,11,0.9665959703075292
46.0,12,0.9581096541406319
46.0,13,0.9255291236662585
46.0,14,0.9881680404147833
46.0,15,0.8482694684796045
46.0,16,0.9450876025726325
46.0,17,0.9540900387407044
46.0,18,0.9256987957161268
46.0,19,0.9518782440397642
46.0,20,0.9403669724770642
47.0,0,0.06928007053477568
47.0,1,0.718327945799938
47.0,2,0.6789480593357546
47.0,3,0.4372673527479746
47.0,4,0.925401901090718
47.0,5,0.8189553089776764
47.0,6,0.8750219567890392
47.0,7,0.7613440169994244
47.0,8,0.008174746187315958
47.0,9,0.6089249313125942
47.0,10,0.8021063810956722
47.0,11,0.9562566277836692
47.0,12,0.4596497403854616
47.0,13,0.9531222669232114
47.0,14,0.9894531596206683
47.0,15,0.3793484019071164
47.0,16,0.08897760035484586
47.0,17,0.9541345682860578
47.0,18,0.03661733991023419
47.0,19,0.8998416468725258
47.0,20,0.9174311926605505
48.0,0,0.35124961850181424
48.0,1,0.8881016693973343
48.0,2,0.9364634840064762
48.0,3,0.9225312021020363
48.0,4,0.9288186079109904
48.0,5,0.8997412394193237
48.0,6,0.9175742139469524
48.0,7,0.885696577980433
48.0,8,0.12354414802443633
48.0,9,0.8063458300097491
48.0,10,0.9009204354367644
48.0,11,0.9663750441852245
48.0,12,0.9328522397254246
48.0,13,0.939216372223194
48.0,14,0.9888770717007888
48.0,15,0.6778650891753487
48.0,16,0.10774007540474606
48.0,17,0.953778331923231
48.0,18,0.821046082744523
48.0,19,0.9495029471276503
48.0,20,0.9311044460127029
49.0,0,0.7202516192478551
49.0,1,0.9071868219457114
49.0,2,0.9314313219270993
49.0,3,0.9329100065688636
49.0,4,0.9342064917429586
49.0,5,0.9112319635103724
49.0,6,0.920735991568593
49.0,7,0.9056620478994201
49.0,8,0.9336790752867754
49.0,9,0.8878844279003811
49.0,10,0.8903885299584035
49.0,11,0.965314598798162
49.0,12,0.9534893954061427
49.0,13,0.9334878432744447
49.0,14,0.9883009837809094
49.0,15,0.7923803637647889
49.0,16,0.5109780439121756
49.0,17,0.9540900387407044
49.0,18,0.9260098653512865
49.0,19,0.950866543503123
49.0,20,0.9404110797459422
50.0,0,0.00025433212384278885
50.0,1,0.10844440508346986
50.0,2,0.922548461908721
50.0,3,0.13755200350339392
50.0,4,0.0
50.0,5,0.4571290732862594
50.0,6,0.8969348322501317
50.0,7,0.4244986497852937
50.0,8,0.9414143189909023
50.0,9,0.209031286005495
50.0,10,0.8856978493672006
50.0,11,0.8082803110639802
50.0,12,0.9457009592537182
50.0,13,0.9653227217071891
50.0,14,0.992643800407693
50.0,15,0.08559950556242274
50.0,16,0.8703038367709026
50.0,17,0.9401522910451084
50.0,18,0.9226769764031463
50.0,19,0.9601477962523093
50.0,20,0.959333098094566
51.0,0,0.0
51.0,1,0.16773679316299872
51.0,2,0.922504703977596
51.0,3,0.0031968469454784322
51.0,4,0.21442025493889352
51.0,5,0.0023683171790710934
51.0,6,0.9100649920955559
51.0,7,0.10624640311656115
51.0,8,0.062980705840988
51.0,9,0.0011078613843835859
51.0,10,0.4669439773431277
51.0,11,0.9604984093319194
51.0,12,0.957317609786148
51.0,13,0.964666783277943
51.0,14,0.9919790835770629
51.0,15,0.007239978809818117
51.0,16,0.18842315369261478
51.0,17,0.9502159682949637
51.0,18,0.9228102919610719
51.0,19,0.023137151403184657
51.0,20,0.8201746647847565
